id,target
31715,0.7559564698420128
31716,0.5042429850468836
31717,0.765307298910714
31718,0.2936956701100395
31719,0.2812912514383614
31720,0.31672190561537916
31721,0.3706653855856294
31722,0.3511875334587131
31723,0.3527398348134293
31724,0.6928380896196762
31725,0.43506006531369446
31726,0.27907977798351596
31727,0.39059776450673345
31728,0.6485020083506013
31729,0.43152450365712336
31730,0.2930961537104793
31731,0.31328791339837353
31732,0.6636081418642945
31733,0.3335742565714588
31734,0.6271756815811063
31735,0.6436590665541398
31736,0.7985760654179409
31737,0.6602978554798336
31738,0.30669782818347013
31739,0.291409643235805
31740,0.3444663346921814
31741,0.4745573387363307
31742,0.7717688821894417
31743,0.6175243689991321
31744,0.7705213029555293
31745,0.383512183185528
31746,0.39946093010280104
31747,0.638679059659114
31748,0.5314813985577389
31749,0.4891761883830859
31750,0.6117845681293979
31751,0.7549736572400378
31752,0.7979821675570968
31753,0.42101136690706337
31754,0.7971649253104427
31755,0.6887947283580836
31756,0.3406350974279195
31757,0.323977431985545
31758,0.4234404546798681
31759,0.6087295404868167
31760,0.7972789595230032
31761,0.8734636407400834
31762,0.8523420094321108
31763,0.7031133685655315
31764,0.8725527593951791
31765,0.6254715449079642
31766,0.7217507998953611
31767,0.885093742505861
31768,0.6417053829530682
31769,0.5609058651763795
31770,0.863160519341297
31771,0.6473722803947723
31772,0.5374611072186654
31773,0.7294615556853192
31774,0.531342545421584
31775,0.898294834529242
31776,0.6227601608682684
31777,0.6569019923460196
31778,0.7790973348118777
31779,0.5395241580901724
31780,0.46156022038550615
31781,0.7427031873341634
31782,0.7295292794595533
31783,0.5007052881625331
31784,0.5126325165042979
31785,0.6630178015889882
31786,0.520059849347138
31787,0.5955678426866723
31788,0.4679211326078412
31789,0.8613859017323706
31790,0.8518859779194501
31791,0.5601582589986968
31792,0.791908330946488
31793,0.9016253763739968
31794,0.706757345390034
31795,0.4480297776301745
31796,0.8103344713588075
31797,0.6049854512890347
31798,0.8278913668502843
31799,0.4323194152893423
31800,0.9376895420626592
31801,0.650385871603576
31802,0.7911159366830326
31803,0.8457616468749863
31804,0.8280494180029166
31805,0.7727196734431698
31806,0.4156675455803077
31807,0.46737507203024226
31808,0.6099040890305402
31809,0.652640780381666
31810,0.5424868465144606
31811,0.5165741732398952
31812,0.6291610975647587
31813,0.5475545906282865
31814,0.5963384280728528
31815,0.44629010611682596
31816,0.7636031628339399
31817,0.48394719269528547
31818,0.4769804562093771
31819,0.8702534616990859
31820,0.23381173588899526
31821,0.3861195881452879
31822,0.24121887040924422
31823,0.3493485052654003
31824,0.38402673272015353
31825,0.8648877951252615
31826,0.572861049095613
31827,0.38273804496463854
31828,0.6341407174331396
31829,0.4113136747573061
31830,0.31067520171732893
31831,0.6587358267810127
31832,0.483831267907823
31833,0.5721006927711084
31834,0.6781269211619501
31835,0.24026907233051978
31836,0.5750893328715887
31837,0.28375840466541347
31838,0.5156819888696788
31839,0.6931364403644381
31840,0.29492743167670255
31841,0.4182405875366352
31842,0.2632182229063927
31843,0.30904459777365517
31844,0.6212767888126394
31845,0.6587463370696531
31846,0.6504626167463307
31847,0.4135918340508976
31848,0.3772158760001039
31849,0.24392288659584696
31850,0.8741718451519135
31851,0.2552864128796806
31852,0.2838321052558175
31853,0.2946046078838814
31854,0.30639023829382506
31855,0.39340426393058414
31856,0.4591541890259528
31857,0.18256052498722772
31858,0.5938088056519999
31859,0.5807462616547746
31860,0.5382273733359292
31861,0.4167216845401514
31862,0.8116049165559744
31863,0.7196458095285979
31864,0.5929738827399877
31865,0.7175935652179452
31866,0.25119406136924
31867,0.674357502439546
31868,0.4493017954026972
31869,0.5274333578640943
31870,0.23119268616452746
31871,0.2867293362368568
31872,0.4938575508967788
31873,0.5154975209908664
31874,0.6588934533632649
31875,0.3323045020907184
31876,0.2747434864378012
31877,0.3163880958277742
31878,0.2256793421808105
31879,0.47127705147770865
31880,0.6204714469366962
31881,0.33959127561389985
31882,0.35081331966145946
31883,0.6821601851759699
31884,0.1899856677372346
31885,0.5820475205542596
31886,0.689677553127762
31887,0.46300449505719066
31888,0.36310982673580366
31889,0.5835001289222859
31890,0.255880805595794
31891,0.2494479142759688
31892,0.3055550038886164
31893,0.4469800251144749
31894,0.5147746710976382
31895,0.3166275712932937
31896,0.46171608812042697
31897,0.31291829432230983
31898,0.4096168323946624
31899,0.5438446102069643
31900,0.6034933561785653
31901,0.9229712471107094
31902,0.4267882934564713
31903,0.488403687744794
31904,0.5060892833055625
31905,0.2933544716631396
31906,0.5201629108056931
31907,0.663552774731553
31908,0.6587683255572679
31909,0.5375995956083096
31910,0.4332589936458522
31911,0.32049280029566035
31912,0.26992187207262985
31913,0.616235977213071
31914,0.48210101029169394
31915,0.6655824433379378
31916,0.32598668475794945
31917,0.6906630396937833
31918,0.3883061206533052
31919,0.41278390314975816
31920,0.6757898718706434
31921,0.3360450754779311
31922,0.2369464878118714
31923,0.33793332177926094
31924,0.25695999455617613
31925,0.4246950882543479
31926,0.6418995425536724
31927,0.6873549390027515
31928,0.5716321608295075
31929,0.5926836783595687
31930,0.678136090395015
31931,0.30945156692437803
31932,0.40928185516636123
31933,0.5216732156034263
31934,0.3148770983445791
31935,0.48195907669349203
31936,0.6650048798915305
31937,0.4937186600560171
31938,0.5050692126233828
31939,0.4739691876083714
31940,0.922374648022457
31941,0.5768079037383631
31942,0.7774919075826712
31943,0.4685014052383341
31944,0.4438487471654546
31945,0.37588519534731685
31946,0.6818656523957123
31947,0.5200019059942707
31948,0.7459370139638029
31949,0.23999855750201596
31950,0.24046921086406484
31951,0.752372785555924
31952,0.31899412411467
31953,0.2681048322804516
31954,0.46041785943987495
31955,0.29437943536853883
31956,0.25162388394141333
31957,0.6574172634708293
31958,0.7029066635539857
31959,0.45345792178672334
31960,0.7753807794194402
31961,0.6127286637853463
31962,0.2919138739519681
31963,0.2853827090322835
31964,0.33518331749255614
31965,0.4037761558025176
31966,0.33073480846598535
31967,0.585070934348925
31968,0.5149833634094876
31969,0.6680764288797155
31970,0.4150010379337269
31971,0.6510881142736428
31972,0.3131906926081869
31973,0.42292844416142367
31974,0.6618442697519569
31975,0.4585350205895931
31976,0.604345564305559
31977,0.3321345765306825
31978,0.36714017538895055
31979,0.42478884650823084
31980,0.4826472285651278
31981,0.3110114359997886
31982,0.2838015742382731
31983,0.18835059671689258
31984,0.3516817063215793
31985,0.7026487187555291
31986,0.19412329214571997
31987,0.2861497511641527
31988,0.7026602735601881
31989,0.40575495220328234
31990,0.3060733090502187
31991,0.28337322916053687
31992,0.23931867134551008
31993,0.4881038098188777
31994,0.6680787988801924
31995,0.6595448135989679
31996,0.693242209454201
31997,0.43984256888075657
31998,0.49106516150264423
31999,0.5976835429604803
32000,0.4903545234305086
32001,0.5799933878268849
32002,0.524548734466331
32003,0.516846999532048
32004,0.5237908144307448
32005,0.5444025120451816
32006,0.5301440566059911
32007,0.559669778540941
32008,0.530692010482238
32009,0.2688374631296802
32010,0.2715981662624548
32011,0.35604768225817324
32012,0.39403527789658804
32013,0.5705503371883168
32014,0.2595524240678872
32015,0.7896381742569036
32016,0.2683323925144857
32017,0.26654565255326057
32018,0.4116641732128794
32019,0.3227855950212788
32020,0.46276537678691765
32021,0.44673006175887053
32022,0.5629173820911538
32023,0.48300344624153563
32024,0.5906797296521806
32025,0.66984731948178
32026,0.49927811618891377
32027,0.5472309665629631
32028,0.512323074478093
32029,0.35987766685184797
32030,0.660985710504727
32031,0.5731563620566733
32032,0.4735368196654746
32033,0.6501465025182437
32034,0.3278872846922947
32035,0.4238829154312708
32036,0.3234631143839366
32037,0.5588508630374897
32038,0.32215946744254
32039,0.35508011594958144
32040,0.5551710812115747
32041,0.4211667635300713
32042,0.3559538127317855
32043,0.4736153218228939
32044,0.7133820676785572
32045,0.38215234957850025
32046,0.48600928606425314
32047,0.25220808315242427
32048,0.891920441516728
32049,0.5590315394068821
32050,0.3498585644317317
32051,0.31557064297380816
32052,0.7565709899514466
32053,0.5143998093092305
32054,0.5440462936248439
32055,0.4577000246298003
32056,0.8055610910330107
32057,0.33463849888460784
32058,0.44640752997077565
32059,0.32250623417791846
32060,0.7821916619358303
32061,0.449851353026995
32062,0.5366030776086688
32063,0.7792358810672486
32064,0.39714331126956787
32065,0.41157519065437803
32066,0.6618301994215116
32067,0.5727154386495386
32068,0.6065632805656584
32069,0.30578690252859736
32070,0.7633842512715701
32071,0.5407227417000419
32072,0.3172438823517127
32073,0.4321423514292286
32074,0.46032599015067494
32075,0.31592150631495347
32076,0.8238569375489901
32077,0.5299749225938828
32078,0.3176193489167056
32079,0.3172985430533612
32080,0.5242782551755503
32081,0.5410615440149859
32082,0.571465263412665
32083,0.4824441160813586
32084,0.33984585382189686
32085,0.6240374200832628
32086,0.7439884721411507
32087,0.3468671202680116
32088,0.2981533431590136
32089,0.5563362535065748
32090,0.5780164080832889
32091,0.4117643532495699
32092,0.3469472157221249
32093,0.6606768654237598
32094,0.3052849906957687
32095,0.6910836335299178
32096,0.8324880911639896
32097,0.3170231441657638
32098,0.46253201142585687
32099,0.4057971008071599
32100,0.38028352885814626
32101,0.7452336294130716
32102,0.3167139533302175
32103,0.6038651880143892
32104,0.44861745738931397
32105,0.20576591094505908
32106,0.2649159170215362
32107,0.5047193956006303
32108,0.7426645185713612
32109,0.2288776523070721
32110,0.2462872789214268
32111,0.5172147826058169
32112,0.31293947417763307
32113,0.7200126193588423
32114,0.38629104372976175
32115,0.4934794247018366
32116,0.4873065137257787
32117,0.3705422875481103
32118,0.4206518160084587
32119,0.30433097339610526
32120,0.801287655589875
32121,0.33393983563696517
32122,0.6803992723170866
32123,0.7892345423167267
32124,0.4064203883505057
32125,0.5074488284672122
32126,0.3453649763809553
32127,0.4296076095189943
32128,0.31435224729050265
32129,0.5776654078269723
32130,0.6476694677192647
32131,0.5709997967274574
32132,0.6816267016954348
32133,0.391015462804021
32134,0.5215224721894817
32135,0.7054430678805117
32136,0.4859702958141155
32137,0.3918185962984867
32138,0.5046494188709097
32139,0.43289845698193524
32140,0.6327132343871361
32141,0.5859014981277255
32142,0.6619990750558796
32143,0.7287647894258041
32144,0.4076370986557593
32145,0.30490221691171077
32146,0.6122024007102712
32147,0.5066888770234981
32148,0.3341912886236291
32149,0.7258465545312022
32150,0.6056194607601542
32151,0.5913027656081629
32152,0.28881304264088625
32153,0.5474240913804689
32154,0.6138391493109101
32155,0.47136857522360814
32156,0.5505263709392615
32157,0.44165840432545284
32158,0.46334248786986465
32159,0.8394998558607543
32160,0.7330125691185615
32161,0.42873079118095714
32162,0.40528611965896166
32163,0.41743664815530057
32164,0.6062333258894533
32165,0.5307033106394775
32166,0.6565907019038345
32167,0.48285963982779917
32168,0.7603814919726323
32169,0.473848600866295
32170,0.4201716875730729
32171,0.32124904378171454
32172,0.46124412801631026
32173,0.3282221751938185
32174,0.4106054065444591
32175,0.6333255206435106
32176,0.6610390084424054
32177,0.4625919136731415
32178,0.6924214739309031
32179,0.513235596870358
32180,0.5632927627132519
32181,0.8321113530641243
32182,0.8517100953040231
32183,0.8588468342595216
32184,0.6580380359586607
32185,0.9066574995865826
32186,0.8327705222822571
32187,0.5506592268193944
32188,0.47899612701349087
32189,0.8184276483501279
32190,0.7586456447899945
32191,0.7535990912555405
32192,0.8359943387642481
32193,0.7690031261788336
32194,0.8721472557008298
32195,0.8494221619952356
32196,0.49736922812704204
32197,0.5253618103353369
32198,0.5764815563937261
32199,0.8833872118344277
32200,0.7885142928635128
32201,0.7866293570814566
32202,0.7222515093401485
32203,0.8295564599357951
32204,0.5283837996973594
32205,0.4723104112766561
32206,0.5211966638500466
32207,0.4507087755434574
32208,0.6163764084693479
32209,0.5330183286080548
32210,0.4629722107003192
32211,0.4997357283723055
32212,0.6082139752010983
32213,0.6739037189078472
32214,0.819402650111789
32215,0.7356168160613386
32216,0.5152276398545744
32217,0.7248405005922472
32218,0.4597736235797852
32219,0.44389368232003784
32220,0.6960739567377238
32221,0.7514495486106456
32222,0.555101490063225
32223,0.516154968595583
32224,0.8433521136943749
32225,0.7154990047553129
32226,0.8918723473006754
32227,0.937490266761428
32228,0.5688549081508948
32229,0.6153001334998627
32230,0.7271215622107199
32231,0.3994597900219071
32232,0.5012591888567234
32233,0.8043578795397537
32234,0.6769707589901733
32235,0.8730701867426145
32236,0.8213396485682867
32237,0.5771936585722095
32238,0.439543668323706
32239,0.4996709578108964
32240,0.7221136924772257
32241,0.42726190955434906
32242,0.6165886134134351
32243,0.7049123484361558
32244,0.6730410041881013
32245,0.4599057659511866
32246,0.5620492939788583
32247,0.2901344199055532
32248,0.3974371175697318
32249,0.5862406560642157
32250,0.5988210262234879
32251,0.6729979597154302
32252,0.5999998240007751
32253,0.3616155257771198
32254,0.30695820839997895
32255,0.4444201991128793
32256,0.2857983905119552
32257,0.6268062222023806
32258,0.537874139479436
32259,0.7748083984574174
32260,0.5325543541679155
32261,0.3064678039773263
32262,0.5840029263228165
32263,0.7576818282650537
32264,0.6972730466646051
32265,0.27346128182921337
32266,0.6679782167739442
32267,0.5456224378543097
32268,0.7095913967643794
32269,0.6918191535119056
32270,0.339326845058225
32271,0.569300399257879
32272,0.4275882069590311
32273,0.5988124051308825
32274,0.733843519236038
32275,0.4935351071729202
32276,0.42804009900643886
32277,0.7228686734560054
32278,0.4186096876390672
32279,0.6165547594161511
32280,0.5985486096923527
32281,0.3793572440630669
32282,0.2679547875057477
32283,0.2744979144595682
32284,0.6645230674275721
32285,0.6496555522248814
32286,0.3417485444435325
32287,0.5734069548643111
32288,0.46975045613806615
32289,0.697161441680048
32290,0.36454653744078436
32291,0.665083016488875
32292,0.3043119811288013
32293,0.5423283905254827
32294,0.3804148036130772
32295,0.5560899444179188
32296,0.4814099678893833
32297,0.5281292787936973
32298,0.6196776450602185
32299,0.6791022825810161
32300,0.39096604637029736
32301,0.27129345103780617
32302,0.3853730155100365
32303,0.26672738947711266
32304,0.7882769049758512
32305,0.6588554788764972
32306,0.5622102327888489
32307,0.3462219917535434
32308,0.6823065359803886
32309,0.5799465533948109
32310,0.5839824905759519
32311,0.166981983555625
32312,0.596196221828646
32313,0.5118238422040308
32314,0.748667459227971
32315,0.3544825375898741
32316,0.24853696677214543
32317,0.3998446230303589
32318,0.35557503209883423
32319,0.2865543164704818
32320,0.4615609260829643
32321,0.2540085411987782
32322,0.30795191917087006
32323,0.4424309756775094
32324,0.3891754891205685
32325,0.9181322221089792
32326,0.7164716887548752
32327,0.415428401088097
32328,0.5858389707465991
32329,0.6156858710763101
32330,0.3258967693926897
32331,0.5544890018564196
32332,0.6828557789416135
32333,0.38377336225931535
32334,0.596684648454433
32335,0.37285349214078994
32336,0.6060026129383016
32337,0.659554000613711
32338,0.7230753503853762
32339,0.4432812683174013
32340,0.4320905203204365
32341,0.5831517314499298
32342,0.5137342192507831
32343,0.6376134649232624
32344,0.7630268827291534
32345,0.3889115710642782
32346,0.6962339595420514
32347,0.5490968557453036
32348,0.6017313706053345
32349,0.7117574078629617
32350,0.7459458108912891
32351,0.6183023145268681
32352,0.6383521830508694
32353,0.5550311089388928
32354,0.37829510358354074
32355,0.29334585299849675
32356,0.6109602586474023
32357,0.4763156896938591
32358,0.5536420461747327
32359,0.31289826174892776
32360,0.33783909322212263
32361,0.5446376623413122
32362,0.5911514980459468
32363,0.35326734078556343
32364,0.5242184901784619
32365,0.7410489278173822
32366,0.4611341855480318
32367,0.2646149785284867
32368,0.5273566896162308
32369,0.36845268801239867
32370,0.5880434841541442
32371,0.5818647322158123
32372,0.6834889737065357
32373,0.37930940156131804
32374,0.5769971112665437
32375,0.6239501174185915
32376,0.61999159021546
32377,0.6238753155990627
32378,0.5425181667757594
32379,0.7137462148627722
32380,0.2618964963000854
32381,0.22923707130970047
32382,0.5500699439967132
32383,0.3923570182928968
32384,0.6948891883029836
32385,0.3947341196145851
32386,0.41611207895332164
32387,0.3025685140559151
32388,0.43001974538375115
32389,0.49361727962114005
32390,0.4177527492462104
32391,0.3793729933267064
32392,0.665587351853339
32393,0.46452935705668513
32394,0.3596203042239295
32395,0.6557134304887947
32396,0.2473100609047468
32397,0.4373208971092258
32398,0.28074156139152306
32399,0.50878507158224
32400,0.5845907092558467
32401,0.2839036210170114
32402,0.6281258789473458
32403,0.5209391984374107
32404,0.6096747402067773
32405,0.5968665059216394
32406,0.593373660167764
32407,0.4303062415581131
32408,0.8358207699205141
32409,0.7439859112588125
32410,0.5673951379342795
32411,0.6761210735982611
32412,0.6259122101717948
32413,0.5801234123706862
32414,0.3713119465147235
32415,0.5049986207493407
32416,0.6877515439988787
32417,0.4862482170113777
32418,0.6218937691619845
32419,0.2880622270489558
32420,0.41235086494501777
32421,0.474274999633974
32422,0.6600351574179171
32423,0.5760373918695944
32424,0.6603392701123458
32425,0.5441739739825718
32426,0.5890926004811585
32427,0.6290073406194694
32428,0.5911139597639151
32429,0.5416345864648796
32430,0.40777913244698893
32431,0.4415718916270109
32432,0.6689649106530767
32433,0.6433818408675289
32434,0.3103109181429941
32435,0.933270239123617
32436,0.7274025596883539
32437,0.45043667244115576
32438,0.4780872402131337
32439,0.6984377420672363
32440,0.41262219265057515
32441,0.3124764919465214
32442,0.5063927593024201
32443,0.268099995621835
32444,0.7289573874943239
32445,0.7168180812914675
32446,0.289431840969759
32447,0.2593366541387687
32448,0.26874242004604615
32449,0.5774666710205878
32450,0.45579977422388684
32451,0.5421186735020012
32452,0.4511290422954225
32453,0.6622617668532952
32454,0.7509485396893801
32455,0.388638370963066
32456,0.7348154647492857
32457,0.7155434872266353
32458,0.6243684575604667
32459,0.31304648343723557
32460,0.5846946494481288
32461,0.45695406848639447
32462,0.3571595007545038
32463,0.2646182018235166
32464,0.4709009494008587
32465,0.396154615482037
32466,0.26284077573995995
32467,0.23573164831641075
32468,0.369612498325558
32469,0.4801060787430842
32470,0.4741764978573198
32471,0.5339212239487892
32472,0.4846675760834471
32473,0.7538649155849659
32474,0.34532705301159033
32475,0.284370918110089
32476,0.29270803063495776
32477,0.2955258478587816
32478,0.3613103798351408
32479,0.47235796847602307
32480,0.3273155546042035
32481,0.6999167474351633
32482,0.2874039003507994
32483,0.6469917551384526
32484,0.3030644043393147
32485,0.2456858506684002
32486,0.19407607022253995
32487,0.33299961461898964
32488,0.5847173124727234
32489,0.4449675931882428
32490,0.42059083773448147
32491,0.6918022699760716
32492,0.3130873427193295
32493,0.6336979479250232
32494,0.8364154468870132
32495,0.5832188671373565
32496,0.5699673511579582
32497,0.415345919062472
32498,0.20021771572577943
32499,0.2482944026437623
32500,0.3669595826370346
32501,0.23189345092762356
32502,0.3126729804293163
32503,0.7558236243884494
32504,0.5413622849236719
32505,0.6502934369024448
32506,0.49174784421321927
32507,0.31917047407401666
32508,0.5145237423353843
32509,0.5488673283899312
32510,0.5483793401072109
32511,0.5627166886667201
32512,0.8173687532884317
32513,0.41794633832509687
32514,0.7230544572820681
32515,0.34894361386656786
32516,0.3605269066409516
32517,0.3243353525484597
32518,0.6934262796561739
32519,0.5153778495873987
32520,0.7031061273116316
32521,0.6088673652854873
32522,0.6435502479045966
32523,0.73221792126954
32524,0.3655660726584831
32525,0.7419697093859551
32526,0.44328868822244516
32527,0.3591830135659899
32528,0.326478185977874
32529,0.4593992960511614
32530,0.7199563908530441
32531,0.3481884778190445
32532,0.4850296799895059
32533,0.46957939028294404
32534,0.6919279527435679
32535,0.7928565484392711
32536,0.3906748207570584
32537,0.7487001171919554
32538,0.2886478257162226
32539,0.5341877404565613
32540,0.4914833335811439
32541,0.41225235294789925
32542,0.7598393143656861
32543,0.4973110074772322
32544,0.6533479444367839
32545,0.39239239572848755
32546,0.31064919466394236
32547,0.28863276853559017
32548,0.3080461318122254
32549,0.6423316752665116
32550,0.4033631779424371
32551,0.6930467924512618
32552,0.3193590989027331
32553,0.35481179567611987
32554,0.4834375855985991
32555,0.6339570015134454
32556,0.6408531243159596
32557,0.3147816573734691
32558,0.31290264423258063
32559,0.33978045313703265
32560,0.3348877919565558
32561,0.478913777763509
32562,0.3032933608297453
32563,0.6077654042250745
32564,0.7803326934681468
32565,0.6813237065906438
32566,0.3656160775229026
32567,0.3459627656938466
32568,0.3906291573961853
32569,0.3749436902835782
32570,0.26116886141039974
32571,0.33510123967141464
32572,0.27473904516107617
32573,0.6997815566079431
32574,0.35733985291093573
32575,0.330338204086672
32576,0.4688517861624004
32577,0.45605756252160584
32578,0.3620643538756195
32579,0.40104634246682097
32580,0.32032772774044077
32581,0.26532354422243154
32582,0.6871852113306107
32583,0.5979720022487184
32584,0.24145434771261565
32585,0.3659469716901219
32586,0.40306554304228154
32587,0.3088398269929674
32588,0.544344159465515
32589,0.6962386087698995
32590,0.552409155407097
32591,0.8195619990418183
32592,0.4682963906539485
32593,0.5684730833139807
32594,0.7087505736273871
32595,0.67049257140442
32596,0.39765814380749137
32597,0.6040523517765893
32598,0.385185756017991
32599,0.328240553617061
32600,0.6235267297079867
32601,0.6215232615291927
32602,0.5858358789357471
32603,0.33276175272025044
32604,0.30006837422393035
32605,0.33270554702405986
32606,0.47940614724082903
32607,0.46790019125889953
32608,0.36432277064340357
32609,0.7422207142364686
32610,0.3790975718658068
32611,0.28002602670507065
32612,0.8729685900773878
32613,0.38270335073058426
32614,0.4745879501140069
32615,0.7179945141985323
32616,0.7336660687892136
32617,0.3149649286333693
32618,0.2666097513306469
32619,0.540202388308032
32620,0.6325359346748806
32621,0.35407726547171997
32622,0.7721785210610397
32623,0.38072098692865713
32624,0.4001001719422473
32625,0.24296960902051748
32626,0.48095412909583746
32627,0.3391518131359623
32628,0.3807312066405369
32629,0.4020669328283486
32630,0.3874589993968456
32631,0.7100428475515556
32632,0.2878331063281463
32633,0.9544403482401641
32634,0.8575603906887508
32635,0.5909688094612426
32636,0.7092699137737112
32637,0.7922004509684646
32638,0.6893414439628087
32639,0.705236591835348
32640,0.2918888687797876
32641,0.6448037486797439
32642,0.6026306460093873
32643,0.614464676457961
32644,0.5778603235852477
32645,0.37554754105753047
32646,0.7213310363899028
32647,0.6157724417613935
32648,0.5763706539050129
32649,0.5778131083073907
32650,0.2599684666925583
32651,0.6331342135008798
32652,0.6694577660640304
32653,0.37749003714799884
32654,0.6849501325546395
32655,0.31023091556699117
32656,0.45778396131460986
32657,0.43198428801654787
32658,0.3075795964142953
32659,0.3260867848307916
32660,0.8097086838151012
32661,0.763775757361382
32662,0.8499213027334523
32663,0.6975508228922699
32664,0.7834611384603554
32665,0.9075829671134177
32666,0.5138669283641537
32667,0.7507433770285341
32668,0.952837741862338
32669,0.6718437589729103
32670,0.7584356940355609
32671,0.7895449480581357
32672,0.7502725355426902
32673,0.5405241677185272
32674,0.5257559446896376
32675,0.49357523285511423
32676,0.5500766185119269
32677,0.7691635729080648
32678,0.5836816669065017
32679,0.5122188262971848
32680,0.5209080668760799
32681,0.6091204923616531
32682,0.7149988361250176
32683,0.819646952114224
32684,0.8973761558404241
32685,0.9169545579386577
32686,0.5438115048207838
32687,0.9090022137299558
32688,0.5183489739718176
32689,0.6032345453715829
32690,0.4457427160944187
32691,0.6540347439435655
32692,0.5409392356275994
32693,0.9058235073551297
32694,0.8485984604915825
32695,0.41518417957427234
32696,0.49180421924238293
32697,0.8211588693025152
32698,0.742794269439471
32699,0.5125249293265713
32700,0.6266581175829345
32701,0.8873829061395467
32702,0.4069796911600798
32703,0.6444794536048561
32704,0.7837636465868064
32705,0.6837031267458537
32706,0.6961952392820265
32707,0.6368946135734053
32708,0.775473209070556
32709,0.6315605184022725
32710,0.5594222710256129
32711,0.7093340109064111
32712,0.8371491620783165
32713,0.7758489757792147
32714,0.5010500134192135
32715,0.8746430824404299
32716,0.6069653482876894
32717,0.32792909096037004
32718,0.7613596785356144
32719,0.48796880249205243
32720,0.787742621979208
32721,0.2570209309193535
32722,0.4836021138115836
32723,0.2794454402838912
32724,0.3286599114614607
32725,0.43878987026727073
32726,0.6043058352942577
32727,0.4193908622131975
32728,0.44001186875102766
32729,0.4223977049027525
32730,0.4782818657091197
32731,0.5211441341823748
32732,0.8735082212170806
32733,0.47657074119019366
32734,0.6008535759118734
32735,0.5268032099532225
32736,0.7182741088453122
32737,0.45692860416204006
32738,0.4325891954151376
32739,0.6192904589628939
32740,0.30978125240519283
32741,0.24048145371917645
32742,0.48243243358565085
32743,0.559454879787766
32744,0.6516574309236799
32745,0.8233682509905944
32746,0.6044239102649396
32747,0.25526011233273077
32748,0.39490243685416215
32749,0.6574557663033253
32750,0.8425722804973315
32751,0.2958026877431383
32752,0.24131993211175726
32753,0.31716261908256327
32754,0.4434039225434703
32755,0.3253693146635017
32756,0.757054342293109
32757,0.7921764358460295
32758,0.4113384834004878
32759,0.27404636787790365
32760,0.4325277586974816
32761,0.6222307770421421
32762,0.4671116143893216
32763,0.4624227386932012
32764,0.4899343681876651
32765,0.3108844603588009
32766,0.714569594846102
32767,0.5697328837283989
32768,0.6997921579042107
32769,0.7166318229342381
32770,0.5114807884845292
32771,0.4034995836511739
32772,0.4918018013300217
32773,0.3914690363661128
32774,0.5964628526474387
32775,0.29102804065340715
32776,0.5180010406024311
32777,0.6798024621066635
32778,0.5595990462144944
32779,0.4186753054387245
32780,0.5254878218067272
32781,0.5096213618590015
32782,0.6133337587594645
32783,0.5971078280855785
32784,0.47876327735699115
32785,0.6508291283394657
32786,0.3956135550534993
32787,0.3332300768366935
32788,0.3711524646936747
32789,0.6217076768761761
32790,0.3302960744914456
32791,0.436741605021055
32792,0.3035511508315666
32793,0.7214362930659928
32794,0.3787189650126615
32795,0.6404762829300833
32796,0.5688052634989587
32797,0.408764021268978
32798,0.529675491727913
32799,0.44415300328247315
32800,0.7935944939373674
32801,0.3399986880208108
32802,0.38798260574483256
32803,0.3684500070647504
32804,0.713630611314416
32805,0.5018405149532694
32806,0.7843098989849188
32807,0.5912617180633668
32808,0.3757049690280237
32809,0.3489780685626657
32810,0.37514995826031117
32811,0.6161031480946578
32812,0.7955447223161681
32813,0.42860648459092054
32814,0.2957025386029653
32815,0.35422913096715225
32816,0.27057038909654496
32817,0.40526204166625346
32818,0.740293405205032
32819,0.3581169771010324
32820,0.3328206008175269
32821,0.5309625933049689
32822,0.8069517285486854
32823,0.6482096233250848
32824,0.7066363715561357
32825,0.34870896574678445
32826,0.34945179819936606
32827,0.61950650950308
32828,0.3411694869198294
32829,0.5815913917869334
32830,0.22291093922357436
32831,0.3151415495503963
32832,0.41473304759562957
32833,0.470412781266748
32834,0.5657325795340392
32835,0.4896619639261706
32836,0.3042287750961238
32837,0.2500658263132868
32838,0.6372101087646995
32839,0.6494549927969587
32840,0.5645224552909675
32841,0.283401155973853
32842,0.5566262367860177
32843,0.2598376150239276
32844,0.6454830761676399
32845,0.42101641499378173
32846,0.32886529958001237
32847,0.3117298741071758
32848,0.5648839593921043
32849,0.5152714390096108
32850,0.21873837834905893
32851,0.6626372612629705
32852,0.4264132472811736
32853,0.6066000727302617
32854,0.3039769409862942
32855,0.2896595307272054
32856,0.29116922446799015
32857,0.37787358836757223
32858,0.6269793372259331
32859,0.44734518358940106
32860,0.346007547352379
32861,0.42433636383421136
32862,0.40979466028014827
32863,0.6432322737658015
32864,0.2632510017718779
32865,0.5186085591894262
32866,0.26720197198127793
32867,0.30379017326932284
32868,0.40762909794644103
32869,0.19495862897521074
32870,0.6474670077238845
32871,0.8103429479651071
32872,0.24950447009182428
32873,0.4074878128386956
32874,0.40170440531606033
32875,0.6019641750848073
32876,0.6019738704652652
32877,0.22068135096142255
32878,0.5930868302709914
32879,0.5785959565610006
32880,0.44808568463385573
32881,0.24539709792911485
32882,0.6989209215994735
32883,0.37908078234024634
32884,0.6310711011126781
32885,0.2749425416950658
32886,0.6955627628725585
32887,0.29659658423023993
32888,0.242333285917553
32889,0.642618460837561
32890,0.37600090536150393
32891,0.6058031483508266
32892,0.6464494836242837
32893,0.24884407790280225
32894,0.31872316106259113
32895,0.27830332826148396
32896,0.3414942393835378
32897,0.23368116922806187
32898,0.4968109127386279
32899,0.6233740870534001
32900,0.27160052023165326
32901,0.5799505230469997
32902,0.6245745942963036
32903,0.6759249955155752
32904,0.6520922607467395
32905,0.5570503882895094
32906,0.7096177788929798
32907,0.7266412411202696
32908,0.6577372174611001
32909,0.40084908147722004
32910,0.22986249453918758
32911,0.48906302361099757
32912,0.33793144582074064
32913,0.700658355874161
32914,0.5507398905484809
32915,0.4466830965533489
32916,0.27131974956334914
32917,0.633817111026251
32918,0.22343446739065564
32919,0.39693135633999527
32920,0.8647671896035976
32921,0.29913554629999806
32922,0.47138282563518796
32923,0.7935311283391808
32924,0.3872640367802942
32925,0.27225097079418165
32926,0.2928810086791969
32927,0.2266216443203414
32928,0.3539080334867431
32929,0.3897727251396356
32930,0.9019159673339346
32931,0.8360664776376002
32932,0.40807616452175155
32933,0.3054617559993343
32934,0.3751090243029915
32935,0.3119455338266984
32936,0.22745215736617133
32937,0.5775550845923181
32938,0.3047155827256812
32939,0.4212879006504985
32940,0.5629061912874151
32941,0.7463214475146212
32942,0.5281730708286589
32943,0.25639138007659035
32944,0.34616692779226743
32945,0.35248265812545576
32946,0.6629110469015581
32947,0.6566120237545323
32948,0.4267589765127918
32949,0.48294422825712785
32950,0.3855854734546837
32951,0.6505639212494428
32952,0.3398206441439607
32953,0.4124707629642702
32954,0.4744433832011173
32955,0.5604958373981487
32956,0.4449390332739858
32957,0.68702881044351
32958,0.48195365173601673
32959,0.39881026479176146
32960,0.25176946050793425
32961,0.4534942004995266
32962,0.7049633969412985
32963,0.4624058749278501
32964,0.41692315601912067
32965,0.5490389484290589
32966,0.3770160438640152
32967,0.3014358824995233
32968,0.5731080729008314
32969,0.4654548056167878
32970,0.7986157695770045
32971,0.580778214750358
32972,0.569330789022404
32973,0.24264674994665983
32974,0.7184575579352899
32975,0.2161748435111087
32976,0.5009627283874257
32977,0.2375525450784108
32978,0.4598867995749162
32979,0.7942553645449187
32980,0.6272984494484753
32981,0.35760268619913305
32982,0.25002126839663924
32983,0.5778061957526923
32984,0.6165836246780269
32985,0.6592857644753866
32986,0.687233889410763
32987,0.32719177021821155
32988,0.26032047762946947
32989,0.550481905516412
32990,0.5015069027327936
32991,0.39828237681050005
32992,0.49188004953944164
32993,0.5765018056605413
32994,0.3819394856836848
32995,0.3952799060569239
32996,0.3169827552154491
32997,0.30730522623308365
32998,0.6428004792781988
32999,0.22335728811824762
33000,0.7079168862888928
33001,0.7987040386522767
33002,0.3878536437206351
33003,0.345976115705208
33004,0.3431290145753546
33005,0.2440300611445219
33006,0.24923357646967106
33007,0.2311737075081507
33008,0.2917123775589272
33009,0.549198707502271
33010,0.2895346382452684
33011,0.6204532145962053
33012,0.5774534754802392
33013,0.25465243832020584
33014,0.4619114491080237
33015,0.43377257329336566
33016,0.2703415132940578
33017,0.6353670973613198
33018,0.7394585721151969
33019,0.2829030809215685
33020,0.28516213369031024
33021,0.22841637153450453
33022,0.2637714885963564
33023,0.8563916871049856
33024,0.31008292018379235
33025,0.6266283997026982
33026,0.362000409641275
33027,0.6217562473801593
33028,0.5356861907303205
33029,0.515435444593389
33030,0.6873331090753106
33031,0.35363632413094026
33032,0.7440121836746111
33033,0.7118922708656171
33034,0.29691431298579263
33035,0.44736641789438797
33036,0.762800074313848
33037,0.3982649656415587
33038,0.40717489472172785
33039,0.4205126684370426
33040,0.25252197932420106
33041,0.7316126805998255
33042,0.7566766571159234
33043,0.3266186244428742
33044,0.39810901947466504
33045,0.3315862700694515
33046,0.38143725340193746
33047,0.6947517503742203
33048,0.7309396136437447
33049,0.6745192685963283
33050,0.5941036731862879
33051,0.710460419394444
33052,0.676307093414616
33053,0.7284181708735499
33054,0.24882708584034324
33055,0.5326580419758016
33056,0.5613763769656734
33057,0.4888694148465495
33058,0.6972774927301202
33059,0.5270423187752561
33060,0.8853987931497729
33061,0.5172985349386957
33062,0.45669268310916167
33063,0.5998519710474753
33064,0.6124829182914244
33065,0.4762408795921085
33066,0.7005756464281225
33067,0.5403423192726082
33068,0.43775922030546544
33069,0.6630907450068532
33070,0.3669437224256592
33071,0.3906249540887123
33072,0.810827614484342
33073,0.3409908215633843
33074,0.2689409055753116
33075,0.6383576230896867
33076,0.3093403696229683
33077,0.26000644129974915
33078,0.4661644305543815
33079,0.2271280704712771
33080,0.8394923613424453
33081,0.7974761727865736
33082,0.8304955517919355
33083,0.7324436506469348
33084,0.5119816226457755
33085,0.9145279571823308
33086,0.4004112961601089
33087,0.6338740545964789
33088,0.3424073187580306
33089,0.7186874867228098
33090,0.7260775961733366
33091,0.46045192350491376
33092,0.6563034649350452
33093,0.5944643493402544
33094,0.8155271736373277
33095,0.4882261009312279
33096,0.8875999017037788
33097,0.7445605925387704
33098,0.49730653437967254
33099,0.6031011741566773
33100,0.74985985022138
33101,0.9232561804789678
33102,0.5850806337326596
33103,0.7809726849044702
33104,0.6694468643149081
33105,0.4432401574967594
33106,0.5197357014685159
33107,0.6769713289266458
33108,0.6837352908859742
33109,0.5435470017089984
33110,0.46110033040870135
33111,0.5875033253589305
33112,0.876205820618549
33113,0.8532730031568826
33114,0.5580253605688085
33115,0.8281596464566173
33116,0.5326060280131297
33117,0.9554522980492923
33118,0.5267459244982781
33119,0.4637892394441294
33120,0.7661468198784108
33121,0.504979993055098
33122,0.5533005162233998
33123,0.6331524851958669
33124,0.574136420464182
33125,0.5262359947084952
33126,0.6297726333647504
33127,0.8116895950425408
33128,0.6481395280796604
33129,0.4489031490610403
33130,0.8011834133333395
33131,0.7186474830324749
33132,0.46072011859938866
33133,0.5476010821467542
33134,0.5098825656813217
33135,0.4555953589513495
33136,0.771753186911954
33137,0.4383359217207119
33138,0.8518713823927595
33139,0.7166623218714824
33140,0.8046159749360657
33141,0.5375666283031477
33142,0.9086259035024794
33143,0.7230973272222596
33144,0.40859134930483915
33145,0.788253840890723
33146,0.5262972123749319
33147,0.5628788229951502
33148,0.32956452199579456
33149,0.32060195234350997
33150,0.21919934503331173
33151,0.2877433449952734
33152,0.3764181071028698
33153,0.4137167606547477
33154,0.5425580110763041
33155,0.6788491397300845
33156,0.5280183959517781
33157,0.428844425321138
33158,0.744239674132013
33159,0.4657202408661492
33160,0.33683850889366285
33161,0.3713046648148661
33162,0.4166564918677422
33163,0.39402664364840656
33164,0.4912418163565586
33165,0.34197730538774496
33166,0.4633682528673142
33167,0.41848166594954156
33168,0.30179485008098816
33169,0.3629017353971874
33170,0.5298532575765713
33171,0.5023712966478281
33172,0.29826331223468866
33173,0.39739208659372643
33174,0.37982524296248155
33175,0.43116142063064766
33176,0.4258718992668963
33177,0.667282125503471
33178,0.2918792176625427
33179,0.4549107236492789
33180,0.6528509305562519
33181,0.5808572526557938
33182,0.4889969689305266
33183,0.4159503428039556
33184,0.697914468693105
33185,0.5259851918571291
33186,0.7327536620123207
33187,0.7111054898753059
33188,0.36845792073772615
33189,0.29806107619501204
33190,0.36657154953943505
33191,0.3116185670574835
33192,0.6256587517183263
33193,0.20973760285230877
33194,0.33004062761662734
33195,0.2524327695410261
33196,0.7827366518355983
33197,0.30245457734943854
33198,0.5152538239417118
33199,0.38361829761915833
33200,0.2387542789959892
33201,0.542781767890339
33202,0.3585839216813755
33203,0.6862242808407677
33204,0.7500150099574303
33205,0.33462449154595625
33206,0.3724590379409949
33207,0.7161531112158275
33208,0.8113455040505759
33209,0.35384692246989935
33210,0.2506933381626741
33211,0.5811989156518057
33212,0.49685808638606244
33213,0.34518428458922085
33214,0.4837911102042774
33215,0.48649496735685827
33216,0.42706235992557945
33217,0.6955243235516371
33218,0.3913291845319461
33219,0.517689506045106
33220,0.528694951352529
33221,0.3119874217750528
33222,0.6291411836015613
33223,0.5729706106516058
33224,0.6887694015411161
33225,0.20143365550439693
33226,0.2996677480728107
33227,0.3030997447677896
33228,0.36639033488828604
33229,0.6013746961729798
33230,0.3494530985548319
33231,0.6698950976659293
33232,0.41593015408760126
33233,0.7780904033816457
33234,0.36724199474606284
33235,0.3292208581504409
33236,0.2715423940932928
33237,0.3748355611567299
33238,0.6870290529154837
33239,0.3677645353626949
33240,0.6605457776282576
33241,0.45432770802680444
33242,0.28983756398767657
33243,0.4987309215638632
33244,0.7053312456951535
33245,0.59973222704842
33246,0.6903119580086061
33247,0.4850347261476861
33248,0.6347457933884608
33249,0.40085666317474
33250,0.28027802101085314
33251,0.30407961326736943
33252,0.6386372438450545
33253,0.35982941066059315
33254,0.44568310688289037
33255,0.23333316087992473
33256,0.6933177509119087
33257,0.6228569096113938
33258,0.7613151605432876
33259,0.26194968523410994
33260,0.6041016372081865
33261,0.5574156371293636
33262,0.32597976104133297
33263,0.43119888003333284
33264,0.31445767609330844
33265,0.6620848688058848
33266,0.44182678906356315
33267,0.6863458058071444
33268,0.29081052198044344
33269,0.34641852490249364
33270,0.46138993859224675
33271,0.4841664570805782
33272,0.4231481696491919
33273,0.6741706783965453
33274,0.31161305301855285
33275,0.3612316093219117
33276,0.6609544907734852
33277,0.7605784789327773
33278,0.33510075439972764
33279,0.4616571727337112
33280,0.41315803625605146
33281,0.6172842010346803
33282,0.3998735446846213
33283,0.4487643783282241
33284,0.2357402473461585
33285,0.43311933161693017
33286,0.3176063111155648
33287,0.6429171092501086
33288,0.29200250221993007
33289,0.24164098085102817
33290,0.34433959244631257
33291,0.27051489491021774
33292,0.5053013445153189
33293,0.6279041529576556
33294,0.3359771413559928
33295,0.5105957247589443
33296,0.2906251531141801
33297,0.2586382833745127
33298,0.6342941266428016
33299,0.3100740833425464
33300,0.320106376211661
33301,0.5794229478761909
33302,0.5753145602175825
33303,0.3607170604670663
33304,0.6168323124631766
33305,0.7560878342005586
33306,0.5954775531616515
33307,0.7481984304465084
33308,0.5250003749852177
33309,0.6707982191885122
33310,0.5672351800222007
33311,0.4521761781246229
33312,0.29386708815714613
33313,0.23532005544201873
33314,0.6602751781932888
33315,0.561627455816067
33316,0.4781827313452297
33317,0.6380828360365627
33318,0.4954152692970237
33319,0.27512073005868964
33320,0.4132318514382482
33321,0.3955440818795967
33322,0.3985272390463378
33323,0.4705246338913062
33324,0.44211536883442154
33325,0.41654946208928273
33326,0.601774238293279
33327,0.4792829650228502
33328,0.4548342190993245
33329,0.26350335774832195
33330,0.4566344676205438
33331,0.2841597467236795
33332,0.346813843598414
33333,0.4522294588637942
33334,0.8111232430407553
33335,0.6641322387170628
33336,0.6044398353992025
33337,0.5833489383113002
33338,0.32128912598272596
33339,0.5684606094590071
33340,0.3612730761033959
33341,0.7279274383745585
33342,0.7379665043350425
33343,0.34579325346423856
33344,0.6478507284178417
33345,0.5767021985697457
33346,0.5872958880613393
33347,0.7880552395562772
33348,0.320992743337143
33349,0.40871248056692144
33350,0.7086912360045947
33351,0.6121425637173956
33352,0.26637895454304433
33353,0.2829387428729263
33354,0.32929182552760783
33355,0.2754618652475367
33356,0.5018989671867864
33357,0.5598024998960183
33358,0.6264208887611772
33359,0.3005551541713171
33360,0.22876785602511449
33361,0.5695257915603421
33362,0.5141964627876777
33363,0.3906993182316559
33364,0.2429343538830702
33365,0.30455920161415817
33366,0.5059644982384431
33367,0.2543424599596498
33368,0.3347258009470431
33369,0.6786419477599467
33370,0.5164181160325743
33371,0.22130553696295313
33372,0.6029130640110791
33373,0.4714748070088698
33374,0.47193384523943793
33375,0.627737079966249
33376,0.5838306169044226
33377,0.742168603121265
33378,0.5079144144445856
33379,0.2930639443906007
33380,0.3227664216328711
33381,0.28514314481332587
33382,0.6085477609027772
33383,0.3742127806237248
33384,0.6266812755807999
33385,0.6165189790324157
33386,0.35488840828718815
33387,0.5572606901063134
33388,0.5589552912027397
33389,0.32743186593436846
33390,0.5327105212246069
33391,0.396118800126696
33392,0.4271102894865851
33393,0.41088740404210455
33394,0.6646693068730799
33395,0.5924362820067404
33396,0.5353982912680484
33397,0.25883912358196853
33398,0.6181230784494149
33399,0.7079379794101661
33400,0.2790949076344954
33401,0.4220851459893328
33402,0.33692155553201597
33403,0.30787291568675434
33404,0.32523664504823757
33405,0.3840002603479284
33406,0.9986371951397932
33407,0.6222041956815987
33408,0.8460504302649121
33409,0.6735296117794979
33410,0.754241119343053
33411,0.6595543881017998
33412,0.6787340683504494
33413,0.6911028669959687
33414,0.4388222377533399
33415,0.27447575245110534
33416,0.47556175003060464
33417,0.6802160501179237
33418,0.6959748289758049
33419,0.4611487931229377
33420,0.6246927495494086
33421,0.27723946824313384
33422,0.7716519518818563
33423,0.3888623770534409
33424,0.5535681781028419
33425,0.32447629936785505
33426,0.288027999967185
33427,0.336623135344415
33428,0.5457125152016469
33429,0.5490395321836329
33430,0.2581661545937243
33431,0.4900452295917847
33432,0.3173175835792235
33433,0.48735871760118404
33434,0.4816579569584812
33435,0.784832356437272
33436,0.3657156456458295
33437,0.3776816624651622
33438,0.3736131038143264
33439,0.32379940279887287
33440,0.27226315096082726
33441,0.23665920992054668
33442,0.748291330595944
33443,0.46043198018167764
33444,0.24841374320936077
33445,0.625017230300057
33446,0.4627338746367041
33447,0.6991615093720245
33448,0.758151894950724
33449,0.2709501122408038
33450,0.36891578486141313
33451,0.35717432854473036
33452,0.40456916588188874
33453,0.4785587112583223
33454,0.6543227731005794
33455,0.7860534595557954
33456,0.4903777393816767
33457,0.7422433839922635
33458,0.3852102988470485
33459,0.4940775392910682
33460,0.38455946735955926
33461,0.5387507559230954
33462,0.6751340996752738
33463,0.32342759241900665
33464,0.37649719558169487
33465,0.6325233344551212
33466,0.6162065455726824
33467,0.815985873473631
33468,0.8672260453090556
33469,0.7021241137706133
33470,0.3192097315568189
33471,0.6407207421601471
33472,0.723452360189493
33473,0.6124587864813773
33474,0.3035156933945472
33475,0.6722405449925299
33476,0.3371222507480673
33477,0.6390118746239625
33478,0.4062211688373951
33479,0.3016332838266179
33480,0.5615702222512736
33481,0.6828131274438589
33482,0.7060895119119487
33483,0.7611248217584253
33484,0.4508388409897098
33485,0.5636259585345661
33486,0.34805056023323533
33487,0.3719534398929807
33488,0.33476096708545666
33489,0.31598606288796177
33490,0.5734808141910136
33491,0.5273205294081739
33492,0.7839025408660145
33493,0.4114290694296325
33494,0.43082966317588406
33495,0.7234489483788147
33496,0.4572651158609096
33497,0.7544089842662088
33498,0.3495383315949
33499,0.28592312040741596
33500,0.4275656635539916
33501,0.4015919520252673
33502,0.4210910030845676
33503,0.8506214241650563
33504,0.4619288863098566
33505,0.32766453807239115
33506,0.38171965890581777
33507,0.3641928785148504
33508,0.8843609359980205
33509,0.6125772877220416
33510,0.7231262700133994
33511,0.6174628565457595
33512,0.4648813300898439
33513,0.5776003615770299
33514,0.865738877254759
33515,0.6067493210554205
33516,0.44381426253474693
33517,0.8863095592910745
33518,0.5485301798032073
33519,0.833370479026863
33520,0.49872095559123064
33521,0.9121303545758287
33522,0.7732342815481619
33523,0.4522659188527787
33524,0.4822841633572698
33525,0.6618468530368888
33526,0.8119635543047284
33527,0.8090837603351876
33528,0.6272064276974157
33529,0.6820802698550721
33530,0.5556093896547659
33531,0.8256305490801435
33532,0.6636861600396402
33533,0.6938211958477135
33534,0.5245762391826674
33535,0.8578272612538995
33536,0.45571519101179053
33537,0.8007035350255128
33538,0.5669207888675184
33539,0.804458762775784
33540,0.5730604672098294
33541,0.5031524977212251
33542,0.4428131197370947
33543,0.8407004400014298
33544,0.8909160805740127
33545,0.6771775278996833
33546,0.5501544733830458
33547,0.5940689587868746
33548,0.5803184706746496
33549,0.666549257610922
33550,0.579128516790182
33551,0.4569000130946034
33552,0.5150657660426506
33553,0.7842587300748233
33554,0.5441145116070505
33555,0.5891452938931776
33556,0.5578900618303725
33557,0.6525735352245183
33558,0.5052725373341409
33559,0.6994750188801478
33560,0.8307507244977425
33561,0.46843710172773
33562,0.59831875803725
33563,0.702031364046784
33564,0.6465570918085193
33565,0.5159199785014863
33566,0.4641854353203793
33567,0.6952666487188766
33568,0.5865832356252124
33569,0.8051168737379181
33570,0.5865042263336062
33571,0.7230117544915421
33572,0.4976796573857923
33573,0.5977049400911766
33574,0.6809110753271763
33575,0.2758380150639097
33576,0.5843567026935611
33577,0.577224253551185
33578,0.31344711872990816
33579,0.7226716469431618
33580,0.6167322398241841
33581,0.7767293126997096
33582,0.6415013530861546
33583,0.35641242786080135
33584,0.5493776538806938
33585,0.7794531362771979
33586,0.5511176319934107
33587,0.3780396097075011
33588,0.3916861554316984
33589,0.6677881360215737
33590,0.8522587814022958
33591,0.7505625665031026
33592,0.5893312946839686
33593,0.5339151842163722
33594,0.3684609495537731
33595,0.4944402655238218
33596,0.4153713468424639
33597,0.34580362676645227
33598,0.39025808167544274
33599,0.3356875881383765
33600,0.47298650565550787
33601,0.6667740302112709
33602,0.4374202964862156
33603,0.6183668696482381
33604,0.3898588544809717
33605,0.4367961188436048
33606,0.3132496613711967
33607,0.2938247973194146
33608,0.2298629930969668
33609,0.5799252693343288
33610,0.3883653817975561
33611,0.5045234116901851
33612,0.6832053214887734
33613,0.6553315818174995
33614,0.3213518072685699
33615,0.6949408715417598
33616,0.4022504442296842
33617,0.6715770793322863
33618,0.4742541179538332
33619,0.8101251088459271
33620,0.7132489198948397
33621,0.46115611230669634
33622,0.35736624864014566
33623,0.555876310254004
33624,0.28228193667830087
33625,0.4369955690939563
33626,0.5953503263402308
33627,0.554308879116346
33628,0.6028850616754236
33629,0.7677991956692868
33630,0.28620650974759465
33631,0.5428888090033981
33632,0.7370913199786477
33633,0.6558454878615187
33634,0.5880984948269672
33635,0.5789969098186255
33636,0.8569950692223579
33637,0.559161583752601
33638,0.6044706799884685
33639,0.4653115330940283
33640,0.6190591522014288
33641,0.34204600089762355
33642,0.813682788599079
33643,0.41265634679685587
33644,0.24906596643296702
33645,0.4173113080397805
33646,0.6178416545607344
33647,0.5714898460776331
33648,0.5847505495233978
33649,0.2548366344459077
33650,0.25424540809120183
33651,0.4642348779858372
33652,0.6140276237501282
33653,0.7285424712585417
33654,0.5606866293465236
33655,0.2879190996210442
33656,0.6310804075952056
33657,0.5576678223001346
33658,0.5258115506177098
33659,0.5318508186948907
33660,0.389971430222111
33661,0.722007238834483
33662,0.7357635591505401
33663,0.25767105857047007
33664,0.29487327944332853
33665,0.4735384137998976
33666,0.5764615691419679
33667,0.43576232636449264
33668,0.36387122211169637
33669,0.5603444767829612
33670,0.41979033631995033
33671,0.1873376569182668
33672,0.43843520937715996
33673,0.6116518775037162
33674,0.7378327280082885
33675,0.37422139438779833
33676,0.47380484510039916
33677,0.4801921554371785
33678,0.640952284594072
33679,0.6108689377548931
33680,0.5036959734697041
33681,0.28659464304313736
33682,0.28776188020311133
33683,0.49044157098826774
33684,0.38562701388121734
33685,0.6247024168697468
33686,0.7112564337721098
33687,0.555425032181605
33688,0.5324021973757987
33689,0.7231932914796511
33690,0.5671910520840681
33691,0.6180875876608137
33692,0.672518140905429
33693,0.3003744067801966
33694,0.5965039182253228
33695,0.6747459021463574
33696,0.19951087205535112
33697,0.28736465671181666
33698,0.4021642113463219
33699,0.35291529548080375
33700,0.40443381615584617
33701,0.6434511053893722
33702,0.6353290190157243
33703,0.6059816684346012
33704,0.570150544657956
33705,0.2839760086526385
33706,0.5899203219550669
33707,0.3508158348769153
33708,0.26677637457414805
33709,0.22917820186498614
33710,0.6436622597485302
33711,0.28875629985376366
33712,0.32703573457880564
33713,0.29522587611927437
33714,0.5425807824524246
33715,0.5154662339824505
33716,0.43367050896218623
33717,0.4556841928687562
33718,0.4003642343870211
33719,0.7288815400278883
33720,0.6997695814953347
33721,0.44716108691423295
33722,0.7015118025561852
33723,0.6303062640995344
33724,0.22391581883613615
33725,0.6882415801320875
33726,0.6589374987470404
33727,0.49120236747136165
33728,0.5063020420892392
33729,0.6684417427099414
33730,0.274457443610991
33731,0.3893166692935492
33732,0.27322934248192887
33733,0.6237254141472144
33734,0.6506736923990217
33735,0.25924199833280936
33736,0.22900654481886276
33737,0.3731549759914938
33738,0.44052198353741456
33739,0.2846229561768731
33740,0.571962973388227
33741,0.6339805176894859
33742,0.4123088113742249
33743,0.32252481145603706
33744,0.4291924412029604
33745,0.29230743605062154
33746,0.34418166453922283
33747,0.6649082485711948
33748,0.25159990375667346
33749,0.5541383506693565
33750,0.28485878871362097
33751,0.5842658986476107
33752,0.26164187894685464
33753,0.7818012649651159
33754,0.3458775259170697
33755,0.33017699989342914
33756,0.715818032190179
33757,0.840369231702676
33758,0.24154566413569795
33759,0.44862107206064283
33760,0.6100111410839494
33761,0.3567618034173433
33762,0.6202065231721163
33763,0.5178305242034131
33764,0.2874804247102451
33765,0.2984191342273298
33766,0.5719076515402536
33767,0.7478565375796191
33768,0.3307349097686786
33769,0.7229282986064154
33770,0.3217372814378268
33771,0.6881194484741586
33772,0.7604986546649068
33773,0.37641612927243295
33774,0.8067749549353782
33775,0.25538144900585813
33776,0.34375494042833343
33777,0.34512964866463647
33778,0.21186852018746655
33779,0.2959352939571174
33780,0.3932821786891442
33781,0.6741525814004748
33782,0.6826119674128324
33783,0.2599721073436386
33784,0.5910194136474072
33785,0.2528617082087389
33786,0.7951717218730808
33787,0.2748063808911324
33788,0.5176487611946765
33789,0.4509204450090997
33790,0.6233655999231449
33791,0.45014940222055266
33792,0.30438301743891183
33793,0.406504068040239
33794,0.16104117518795022
33795,0.678785041797035
33796,0.5824301361406223
33797,0.31530974461456684
33798,0.7226429931315415
33799,0.40226405565839357
33800,0.5394799962716071
33801,0.3593788388052005
33802,0.24904621342658062
33803,0.5851102598473632
33804,0.17847289215776696
33805,0.6608136163308447
33806,0.7070015500051987
33807,0.29826637560178787
33808,0.3224779693590208
33809,0.24322353620922144
33810,0.49600391478692524
33811,0.4707785802440509
33812,0.30508685105181765
33813,0.36004781221338
33814,0.2658642805532426
33815,0.625729399041955
33816,0.7503226737760849
33817,0.35444516060922193
33818,0.3622237431539273
33819,0.6703369257205054
33820,0.39535982945683285
33821,0.5055139807076141
33822,0.6103517711413192
33823,0.6145595353127656
33824,0.8793453774465443
33825,0.7368149766132384
33826,0.6443767606678166
33827,0.3099530454963042
33828,0.5974557681622141
33829,0.24164219839138004
33830,0.21564220131167
33831,0.2866884042966079
33832,0.3361353274066351
33833,0.6584686711512663
33834,0.4486431370386561
33835,0.34289487369481125
33836,0.7338899685446238
33837,0.758457115070619
33838,0.4874884059468553
33839,0.5256992992269334
33840,0.6349595497576945
33841,0.6262008258466123
33842,0.28680781580252646
33843,0.5040548066743678
33844,0.5661639506988763
33845,0.5910107102647083
33846,0.5664458663572111
33847,0.2555786803713367
33848,0.2887269659596547
33849,0.3387171558013238
33850,0.2761977656401904
33851,0.6446240247272067
33852,0.3659770970026465
33853,0.6651142266897823
33854,0.45309969193139055
33855,0.5860856601577783
33856,0.6733864990637436
33857,0.3838394216823338
33858,0.28033465799747276
33859,0.3044949945131157
33860,0.46936527866653655
33861,0.4006698057861775
33862,0.5543733239673301
33863,0.33255145602476666
33864,0.43286735286146627
33865,0.6124726987147813
33866,0.2963841537373526
33867,0.3444290929303854
33868,0.24954164493548633
33869,0.6099015036792811
33870,0.2369482547431977
33871,0.5979554766734104
33872,0.5377438290381499
33873,0.2648157411329044
33874,0.6659785316498781
33875,0.307552169770525
33876,0.38812615899364056
33877,0.22381799551295586
33878,0.6329555131189917
33879,0.6291160938091438
33880,0.5201078050677744
33881,0.6592823113395089
33882,0.6664312098432171
33883,0.3116489403058234
33884,0.2598182941280707
33885,0.4646232314833253
33886,0.3046536819765103
33887,0.3005097926334904
33888,0.3785749319320683
33889,0.30636445829864944
33890,0.6061420839410476
33891,0.6949609100076991
33892,0.5914524063855081
33893,0.6062209330575379
33894,0.3973601687935401
33895,0.7725332912193887
33896,0.7692979638889745
33897,0.25362711938532023
33898,0.31646563807443073
33899,0.38362702983115876
33900,0.2886177133651008
33901,0.3448259215089923
33902,0.4810703196672049
33903,0.6094935774822795
33904,0.7617570095478291
33905,0.38495089103842717
33906,0.6757142354109706
33907,0.48748573966342706
33908,0.3361526278308416
33909,0.38783061688518483
33910,0.7790073186330239
33911,0.6841076890225405
33912,0.5459277171438058
33913,0.29496505971015
33914,0.49733052082807494
33915,0.34288438098098245
33916,0.7131862830027169
33917,0.3881547942293984
33918,0.3186191962672499
33919,0.657815629764486
33920,0.39893023416891715
33921,0.3828326676125111
33922,0.7373477110824659
33923,0.5409417883192962
33924,0.3468315543555239
33925,0.3025944053376379
33926,0.5144865530375932
33927,0.44844704317058065
33928,0.32351755464156867
33929,0.5061098117311975
33930,0.6654458884932394
33931,0.4055989811048141
33932,0.43272258159050764
33933,0.41404433020280706
33934,0.5673730125384184
33935,0.7891822100335215
33936,0.29031688135665173
33937,0.33700782128556567
33938,0.7228055719766181
33939,0.8040413856745575
33940,0.8109867295737794
33941,0.4137069991416264
33942,0.6073097551512341
33943,0.8686527022108624
33944,0.3012166227408132
33945,0.24460532514733083
33946,0.48719843290904186
33947,0.7072005114495092
33948,0.6725930997975537
33949,0.4253667618579804
33950,0.3769384196969604
33951,0.664192270829273
33952,0.6773424113451094
33953,0.7041310244350497
33954,0.3397155670097329
33955,0.5371557922235505
33956,0.45364608734934664
33957,0.21697118591015585
33958,0.4335504864533162
33959,0.59015241417688
33960,0.6139268377372564
33961,0.3977611778663548
33962,0.5960257976626646
33963,0.3510848993558235
33964,0.8059170293330846
33965,0.5587861994944353
33966,0.38357069757993095
33967,0.38562932714846926
33968,0.5661040829458079
33969,0.8211779667492345
33970,0.5781074181740982
33971,0.9389523719288451
33972,0.709610341789573
33973,0.8300358605447474
33974,0.5311853053416212
33975,0.9153913690414625
33976,0.6649812584109773
33977,0.8761391506458808
33978,0.9045164287748458
33979,0.4517187138721786
33980,0.6083605463530269
33981,0.7941162339514307
33982,0.523770378452623
33983,0.5473817382237073
33984,0.5612109136898041
33985,0.6127706775745724
33986,0.842502716600731
33987,0.9297798534473952
33988,0.49473509961837137
33989,0.911497034662874
33990,0.5994972802603564
33991,0.5119506550781314
33992,0.8510951671065636
33993,0.8772439475211444
33994,0.5699009738781559
33995,0.7396289074285227
33996,0.7503457689738812
33997,0.6528605844443374
33998,0.4930704197998455
33999,0.6232988937506523
34000,0.696219780188415
34001,0.6052109257405637
34002,0.47861666777361356
34003,0.6601901313076198
34004,0.8141935700151045
34005,0.5309627737529019
34006,0.5291583002361558
34007,0.6318903050056056
34008,0.544889243714254
34009,0.6671148551457617
34010,0.6992330088066535
34011,0.709884105850586
34012,0.4181198512034717
34013,0.8763331965713398
34014,0.47491244506752234
34015,0.8648254603940687
34016,0.8686759102720651
34017,0.8780675558920092
34018,0.591602322318092
34019,0.42738066634461175
34020,0.6324713799688767
34021,0.6572892799357455
34022,0.6397559914923562
34023,0.4838536396463579
34024,0.7312869651069823
34025,0.9180335777796187
34026,0.6465071631435978
34027,0.6174915140929356
34028,0.4015106110800412
34029,0.4428729044960282
34030,0.4793321267858905
34031,0.2761182701098246
34032,0.8278061412379785
34033,0.28411979749967986
34034,0.4731083597496078
34035,0.7948480873527595
34036,0.6691277479283756
34037,0.7528703790188166
34038,0.3602035040177568
34039,0.7236091523276663
34040,0.5822418092625636
34041,0.7278769820586682
34042,0.5862813835739831
34043,0.38391539320242024
34044,0.41446574363093897
34045,0.4521619518937498
34046,0.4385059825845933
34047,0.30693208021135504
34048,0.3159448435466158
34049,0.290478847935334
34050,0.6137212286284512
34051,0.4270367161571504
34052,0.6159721837237955
34053,0.6008814775604597
34054,0.5497926559785971
34055,0.416260300191164
34056,0.41292363858407016
34057,0.3901972684031956
34058,0.6134617265813164
34059,0.40033651451321967
34060,0.5072083293983732
34061,0.3004142782468617
34062,0.7194689216536087
34063,0.7349067460948935
34064,0.6116350304668348
34065,0.3925187683305748
34066,0.7406669727631391
34067,0.34272957478111366
34068,0.3892883801162991
34069,0.491375305695381
34070,0.620885230438402
34071,0.6750934980154849
34072,0.32932853857388933
34073,0.5262706194551541
34074,0.7976099252683947
34075,0.3910966544138782
34076,0.46369983506800255
34077,0.34356114415077854
34078,0.4248050901734234
34079,0.8229330474748486
34080,0.7395285526517252
34081,0.5177730357368273
34082,0.4653845478019809
34083,0.303584908571698
34084,0.41137808044356494
34085,0.6320187149084948
34086,0.6612066933633488
34087,0.707875921500359
34088,0.7186282018958592
34089,0.35514592747927903
34090,0.3241715297614867
34091,0.4292567665999388
34092,0.36900297838218943
34093,0.37160057585671763
34094,0.3841286589516747
34095,0.3137437014772834
34096,0.3828275160188557
34097,0.37259856880998954
34098,0.4496900378544392
34099,0.3493358644076654
34100,0.3202817546513837
34101,0.5802961101438951
34102,0.31757118484177776
34103,0.46808955034187666
34104,0.5485507162408916
34105,0.6627895888426928
34106,0.709925473754358
34107,0.2879931219684759
34108,0.6964468497145546
34109,0.26604732493865063
34110,0.8470891660134744
34111,0.5811072115668672
34112,0.5028129709892776
34113,0.42138707892802446
34114,0.5137027875705721
34115,0.4056450008449001
34116,0.6055037560971289
34117,0.38931883130214245
34118,0.699586690501701
34119,0.661377687703376
34120,0.6088604147774842
34121,0.5784352674506377
34122,0.30589013327391174
34123,0.4407337166928212
34124,0.3186599491125059
34125,0.4246932124033218
34126,0.4840419321864264
34127,0.6845832853466001
34128,0.25680991004879317
34129,0.23171271246792022
34130,0.271721433218978
34131,0.6002191738415421
34132,0.475572012967734
34133,0.6138807401562048
34134,0.6269867046690428
34135,0.6416947750826398
34136,0.5942142401221462
34137,0.6751076726349826
34138,0.5357629615233358
34139,0.2975822160980203
34140,0.5784320825500571
34141,0.32815361294585116
34142,0.5942696531146572
34143,0.300383341773984
34144,0.6489678900668491
34145,0.807843340331941
34146,0.5936010081451948
34147,0.32482361308651886
34148,0.5849125571366525
34149,0.24916936290098973
34150,0.20787306069359224
34151,0.5328228364224358
34152,0.5621141322727957
34153,0.2974912957072802
34154,0.49824161545775714
34155,0.26457936201382715
34156,0.23634332494312696
34157,0.3101179324590762
34158,0.7019824719032717
34159,0.5577151827607568
34160,0.6324857072584407
34161,0.42137253542148284
34162,0.4051234485077053
34163,0.3416684735715789
34164,0.3237414204700408
34165,0.5285557074243079
34166,0.49523660941619124
34167,0.39828500594081606
34168,0.38852833983053586
34169,0.5867744355835464
34170,0.22528532233675072
34171,0.26211382561222835
34172,0.30581720602395196
34173,0.48534712172144107
34174,0.5642136157572624
34175,0.4020725270989316
34176,0.2534507487165188
34177,0.6230382143634613
34178,0.6916668855462095
34179,0.40415024487446816
34180,0.7822200531276815
34181,0.3016836928754885
34182,0.256810071552464
34183,0.1813123137198491
34184,0.5910552862515805
34185,0.7532499469771131
34186,0.37067016214549714
34187,0.29850366103073755
34188,0.6977043908368037
34189,0.580040195894966
34190,0.29173694234210223
34191,0.6073432503371256
34192,0.3980576762712582
34193,0.35658978686034576
34194,0.20956995534509723
34195,0.2647676519600773
34196,0.6690789497078806
34197,0.7004378089259056
34198,0.31021167894317797
34199,0.369885357848219
34200,0.31770973909563605
34201,0.694182987036667
34202,0.7141266544253247
34203,0.45518257588512845
34204,0.287218098198399
34205,0.5067019092096773
34206,0.6714315161526757
34207,0.5363463213551335
34208,0.35626530672121254
34209,0.26677952058767973
34210,0.3071916072505963
34211,0.3818155646729995
34212,0.280616179643158
34213,0.27930690863988306
34214,0.2602436232564363
34215,0.32780838070673674
34216,0.664902208066652
34217,0.4318290317258546
34218,0.2620359635261705
34219,0.7293221285296976
34220,0.3767581358262305
34221,0.2406480051251572
34222,0.43529619924239676
34223,0.5217111665743659
34224,0.5654303889167676
34225,0.4124128475476346
34226,0.604138704947066
34227,0.6131689048039376
34228,0.6284938417336757
34229,0.5913315537131848
34230,0.5661161156751808
34231,0.47921842947183985
34232,0.5851567535336629
34233,0.5257306231493952
34234,0.38333163622837907
34235,0.27963570482983996
34236,0.7297997449727566
34237,0.40101746824390033
34238,0.40175527696209035
34239,0.3700988073505982
34240,0.2618655628032313
34241,0.5192451254651257
34242,0.3777857552558987
34243,0.3319705983140566
34244,0.2945882001330548
34245,0.5442381710993407
34246,0.359245390911124
34247,0.35273951263650805
34248,0.26850400042215505
34249,0.455038378169842
34250,0.2676818271069929
34251,0.4778179773619494
34252,0.2157084395670162
34253,0.6736648829757662
34254,0.6045123544517041
34255,0.4105691785168938
34256,0.7285850003252592
34257,0.7370311472246953
34258,0.3647979605180887
34259,0.618554635421372
34260,0.7166075972291667
34261,0.5815037328875845
34262,0.4091487200265167
34263,0.6094099393914767
34264,0.3045841346671597
34265,0.6697913466101778
34266,0.43835003842558873
34267,0.2837035771112155
34268,0.5520494101146664
34269,0.4459044995402789
34270,0.2958151043513428
34271,0.39262276463637785
34272,0.6610515487144604
34273,0.2709745451576288
34274,0.5124454351373303
34275,0.4417309384455619
34276,0.25648746093423147
34277,0.6939313859463668
34278,0.660871732005784
34279,0.48629279940496045
34280,0.32397049324762067
34281,0.6399407056024814
34282,0.4250333489418214
34283,0.2661016153842154
34284,0.38714645242107204
34285,0.3544390253653016
34286,0.39341797327287586
34287,0.6492466713721713
34288,0.3598042252754119
34289,0.22069347321588037
34290,0.6170001561144403
34291,0.31875765353214713
34292,0.6091283116145773
34293,0.366706158547878
34294,0.548515927501749
34295,0.44736751567516
34296,0.30609671378256204
34297,0.4285761769059691
34298,0.29999498095087107
34299,0.28065547200886715
34300,0.6853533734610382
34301,0.8530437900779314
34302,0.2648526000405177
34303,0.2983168993578666
34304,0.42819142859049825
34305,0.353056941943828
34306,0.6028263570369375
34307,0.355652732651666
34308,0.6341329353027566
34309,0.3317924516417337
34310,0.5522799366391685
34311,0.650098775121519
34312,0.5545988055296845
34313,0.4567453825270344
34314,0.8008696125274232
34315,0.574213377179028
34316,0.6094511701146395
34317,0.3801422966266257
34318,0.7250426948173925
34319,0.6239104281136159
34320,0.3640789960775174
34321,0.4912457926419571
34322,0.4760498188658673
34323,0.26950775301560403
34324,0.37675985009296
34325,0.7178885733762767
34326,0.5147719631751194
34327,0.26815865558514645
34328,0.33298842817364893
34329,0.2741995775513114
34330,0.4563758731783611
34331,0.6717107074792336
34332,0.42644831912966075
34333,0.2919244792055927
34334,0.3195780048085621
34335,0.2967871018857091
34336,0.26021788001890855
34337,0.6127629779591762
34338,0.552577076268463
34339,0.5028149152853556
34340,0.5335856763135454
34341,0.5659252609160677
34342,0.837739508018783
34343,0.27141999025503677
34344,0.5676327654752811
34345,0.6397984427183719
34346,0.6253730520933434
34347,0.36397206122421366
34348,0.3489160191226008
34349,0.3987854797614018
34350,0.5589111400696009
34351,0.6433472382733134
34352,0.6319887739283317
34353,0.6201460905988057
34354,0.32995998185329883
34355,0.5531060689233552
34356,0.548202992365205
34357,0.33271937131004586
34358,0.705506635045438
34359,0.44223590125203843
34360,0.708614298311266
34361,0.30846222564263126
34362,0.23183461714165932
34363,0.6155261716907281
34364,0.3991830338627047
34365,0.5017056190527727
34366,0.5919615372389859
34367,0.3244466233165698
34368,0.6713912918073154
34369,0.40707179187473896
34370,0.2514247117405972
34371,0.8912675803201346
34372,0.282461097764115
34373,0.6636299539564482
34374,0.726849741044572
34375,0.4618839421217236
34376,0.35046602525996423
34377,0.3709124993364048
34378,0.43280530799387174
34379,0.6575804418518489
34380,0.36209138569769284
34381,0.2765313021434236
34382,0.2150546353646375
34383,0.4458491137429349
34384,0.39925272614433277
34385,0.6388573760757839
34386,0.8907409676416721
34387,0.3358963399880638
34388,0.7762724063139974
34389,0.6770786270668633
34390,0.5475015138368236
34391,0.35191631280493685
34392,0.3492327956910834
34393,0.2581414312231587
34394,0.47863412749957307
34395,0.3956119088810187
34396,0.6157993836014842
34397,0.41333366508395036
34398,0.39751544927797816
34399,0.27088198711927414
34400,0.34526373824682743
34401,0.3686700782316469
34402,0.572534193559087
34403,0.8297902495010806
34404,0.7062306531550436
34405,0.625354215558197
34406,0.36257539190131083
34407,0.3503652692084588
34408,0.5376339055873789
34409,0.3728199601978498
34410,0.5967029761501335
34411,0.529030778403604
34412,0.35057984247276375
34413,0.3411765043949102
34414,0.300960409548607
34415,0.43860386601739804
34416,0.31843797094986404
34417,0.3730484041620099
34418,0.44422345058856794
34419,0.32412662075394205
34420,0.7679012193214226
34421,0.5040393683771345
34422,0.3147460344072199
34423,0.6304522917598324
34424,0.6724536623711379
34425,0.6921007130656218
34426,0.6091885203576732
34427,0.5599954314885717
34428,0.7198668435696809
34429,0.6113084552164728
34430,0.6483722151124119
34431,0.4350452904785255
34432,0.36486694324896785
34433,0.3969876769628028
34434,0.40630052393504595
34435,0.3669579721488588
34436,0.6084045609943389
34437,0.7825287469156283
34438,0.5042765409859583
34439,0.39339985019659574
34440,0.3367983696950195
34441,0.4094939282977203
34442,0.6335974520807143
34443,0.31276047188275635
34444,0.3162003466980368
34445,0.457351611572073
34446,0.33588176271248205
34447,0.5709124837184123
34448,0.7176538396588368
34449,0.4353606925389412
34450,0.3139612501304968
34451,0.7730386478961796
34452,0.4262978507686577
34453,0.3922277291245501
34454,0.6718021759003034
34455,0.6945624552767916
34456,0.3904493359593714
34457,0.31037741295926924
34458,0.5101872344540107
34459,0.37071225033613475
34460,0.8048686250260229
34461,0.6134087487099362
34462,0.9077052374933741
34463,0.849782066264154
34464,0.7723827525677159
34465,0.6747000855494226
34466,0.4739834059521735
34467,0.4931361590388672
34468,0.9598022362227929
34469,0.7584353077670254
34470,0.7383461825888044
34471,0.7420914395362693
34472,0.9285684143407483
34473,0.5365371440926361
34474,0.6848872979532571
34475,0.7293332967799769
34476,0.9999770654487534
34477,0.9011820613694314
34478,0.7501486047761617
34479,0.9296625904013774
34480,0.7356178196330945
34481,0.5174931039000203
34482,0.6970996190773637
34483,0.8377890554755367
34484,0.6160780185057387
34485,0.8453049312521507
34486,0.7376550227638697
34487,0.5695136304372718
34488,0.82096983565355
34489,0.801440102118415
34490,0.5935133177295477
34491,0.8776611165130322
34492,0.7169804985143299
34493,0.8443673134598374
34494,0.47358915863518547
34495,0.6181811578717116
34496,0.4058672162547053
34497,0.7902019820850815
34498,0.46360642329940466
34499,0.5259153291816732
34500,0.5700382777190909
34501,0.6577730751358627
34502,0.4948857136881131
34503,0.5253302297536977
34504,0.6973265742046093
34505,0.5131440372985102
34506,0.44806680601890503
34507,0.4721014352634821
34508,0.9009287264026683
34509,0.5048150081802443
34510,0.6003454194285581
34511,0.826034260474894
34512,0.5177197548113966
34513,0.8369704595163969
34514,0.7838345621500218
34515,0.5025489157934316
34516,0.8510900241150943
34517,0.8269079672026521
34518,0.5751871962180658
34519,0.7697565425619268
34520,0.5739034096982077
34521,0.7007318959414243
34522,0.3815629167062623
34523,0.39003819531170536
34524,0.33240457932471174
34525,0.29746299443220037
34526,0.372747712709425
34527,0.8067910865926426
34528,0.595573059010566
34529,0.4157426482333253
34530,0.6141138015011578
34531,0.22758652858119427
34532,0.3157089732684372
34533,0.5318114156515023
34534,0.6648312952582054
34535,0.21999955472255564
34536,0.2832132056330452
34537,0.46957756026279507
34538,0.3365845630307492
34539,0.26900869740154665
34540,0.6458606352202367
34541,0.460148363801452
34542,0.5322389678108236
34543,0.585656363334633
34544,0.4123450883823667
34545,0.3417311847606597
34546,0.33953337567812203
34547,0.7448251282199948
34548,0.47855067289680187
34549,0.712938485166029
34550,0.44311359183020244
34551,0.36691974846530534
34552,0.3799962403571588
34553,0.32627085140418827
34554,0.3905128123001988
34555,0.32319252370908114
34556,0.5780497636877654
34557,0.3262904897699179
34558,0.3335017527047811
34559,0.3873108219035946
34560,0.6262542929328829
34561,0.31193129884978726
34562,0.6584749440370707
34563,0.638304218547863
34564,0.6420670836641293
34565,0.7335924133972034
34566,0.5334879058339111
34567,0.330288806291587
34568,0.3064493387356578
34569,0.49207717517547467
34570,0.6203262684321826
34571,0.7048061056366806
34572,0.26871913578389506
34573,0.33264195383129375
34574,0.4009274178536286
34575,0.670398801460947
34576,0.362637220886599
34577,0.3722907052087943
34578,0.6778711378072935
34579,0.6211909533718057
34580,0.4802798950851582
34581,0.27955375423711243
34582,0.2194754494528534
34583,0.5798398127672594
34584,0.4382367386623643
34585,0.6042002602597695
34586,0.3767109083694128
34587,0.33934426795569006
34588,0.3125782992980501
34589,0.4647765847942442
34590,0.3780407027431947
34591,0.3400105581887211
34592,0.5588681287988833
34593,0.7010118430547425
34594,0.4867999233932233
34595,0.22311712271418932
34596,0.6996148696152578
34597,0.4566484879401241
34598,0.4834552403556276
34599,0.5664701730181587
34600,0.33485499758350973
34601,0.48800706862361243
34602,0.6161352361925269
34603,0.6067071530828912
34604,0.42336992066078005
34605,0.5008782119316505
34606,0.47572411906342865
34607,0.5326592727502507
34608,0.5864347007483975
34609,0.6222315004919449
34610,0.3133725679257305
34611,0.4170282949132371
34612,0.47753888168174097
34613,0.26082476247182645
34614,0.3376664573318224
34615,0.3419241156406077
34616,0.4446800030656505
34617,0.3618477186071924
34618,0.291032849512948
34619,0.37064018815202543
34620,0.2841198115232541
34621,0.8115341668801558
34622,0.5924502748823945
34623,0.3916041152398919
34624,0.603635820433535
34625,0.29190914116569094
34626,0.2793327950513057
34627,0.24273345361657137
34628,0.5897868547572285
34629,0.32237128085018185
34630,0.28007229912656856
34631,0.3008645193559639
34632,0.6296071019408612
34633,0.6927797270843721
34634,0.4524811554121418
34635,0.4462441404338111
34636,0.3352941968665746
34637,0.26724308118097173
34638,0.38615932647615
34639,0.4719378464773241
34640,0.2667926398389211
34641,0.3285473872636839
34642,0.3368078776591732
34643,0.2789270001267696
34644,0.7513542622636448
34645,0.6694419313803621
34646,0.751300951341083
34647,0.3127503582475006
34648,0.29342361751969487
34649,0.4176140822100389
34650,0.5880860819760114
34651,0.35261407156860897
34652,0.44469766631040025
34653,0.3288950667666228
34654,0.21930840588518197
34655,0.2135173564440531
34656,0.312594154807787
34657,0.30128597850547084
34658,0.4954774424707679
34659,0.26932907120813177
34660,0.652572456677429
34661,0.560428044555237
34662,0.29097479506554674
34663,0.29411477104723954
34664,0.44208029576850855
34665,0.4865129192137746
34666,0.5430851164684296
34667,0.5365442207565003
34668,0.6593736108733985
34669,0.4569751391914567
34670,0.23318776448885753
34671,0.4121618245355892
34672,0.5915609466530847
34673,0.7311547790878242
34674,0.4072402922278477
34675,0.3758903694592727
34676,0.2727050027370019
34677,0.5119695403003811
34678,0.7065964500479353
34679,0.6209890088174017
34680,0.3495643524373725
34681,0.15506626689916078
34682,0.3540173045798979
34683,0.24532243129203185
34684,0.6010579663700599
34685,0.5600537266210063
34686,0.6605241165463951
34687,0.5346152148115062
34688,0.7483816471788858
34689,0.5066152438803707
34690,0.6777537640322187
34691,0.26998635654572006
34692,0.23217090034939766
34693,0.7179557848931458
34694,0.5004465033495683
34695,0.5358694548815909
34696,0.6067996760823149
34697,0.5025443613634879
34698,0.6011533897824841
34699,0.7523517562154319
34700,0.31286006772700387
34701,0.4107597776281792
34702,0.7537660552942388
34703,0.15157299225506685
34704,0.6611764335137693
34705,0.5752130452851036
34706,0.48172024756247667
34707,0.37114020406085346
34708,0.30751315009648633
34709,0.2348681267878359
34710,0.2992484112467385
34711,0.2935344340339788
34712,0.6161920829293865
34713,0.8481730871437423
34714,0.2557773081995338
34715,0.36930328904037196
34716,0.5678988405896856
34717,0.39291015940099844
34718,0.5627788548161051
34719,0.5594255853731744
34720,0.5670504026683578
34721,0.5950114443653538
34722,0.26104247485805143
34723,0.352438964786271
34724,0.42058417259999314
34725,0.5509711405451303
34726,0.6446567895934021
34727,0.5523464019609657
34728,0.316394881186127
34729,0.4593339073620664
34730,0.3948223219089165
34731,0.3658850639148165
34732,0.23144975724002212
34733,0.2841819540662029
34734,0.3163173301759158
34735,0.3778400825882266
34736,0.6314997618666295
34737,0.3001926999649137
34738,0.7063618350899125
34739,0.3902060866350582
34740,0.20578122022904882
34741,0.3432687546116112
34742,0.719374126626681
34743,0.2772698895157081
34744,0.32279165760555734
34745,0.3583235489415306
34746,0.3944471576990312
34747,0.47819644864981
34748,0.31948252215381095
34749,0.6089625478564388
34750,0.7925052477902114
34751,0.43196069421199046
34752,0.5974739299520223
34753,0.47440863410363354
34754,0.5797359611699415
34755,0.6794934813906847
34756,0.2888458814104932
34757,0.5502762017760685
34758,0.7283563523748919
34759,0.31673910103209796
34760,0.27943391781663157
34761,0.28683111645932424
34762,0.3595392158995348
34763,0.6630728244204486
34764,0.6773312079430219
34765,0.36169953230044294
34766,0.6378933685851254
34767,0.3487606511029448
34768,0.3840733394286096
34769,0.5936693850429478
34770,0.6183849755643737
34771,0.44557186279591604
34772,0.33438846728634913
34773,0.7456140905502373
34774,0.41508525143310404
34775,0.48896386181900886
34776,0.6094766748316295
34777,0.6446920146626528
34778,0.5749453387478126
34779,0.6223541239144141
34780,0.6953011824472494
34781,0.6507908271565866
34782,0.6941140554598042
34783,0.6540956438496766
34784,0.5578884756923107
34785,0.6481856262340544
34786,0.6373520390801433
34787,0.6381335117914483
34788,0.3315434450181492
34789,0.31368094661541457
34790,0.32928355734072995
34791,0.4263882648504156
34792,0.4009155818822623
34793,0.6588860461854429
34794,0.6840896529413327
34795,0.8483964142102965
34796,0.5348378870806804
34797,0.2562865518254123
34798,0.4542014358980654
34799,0.6521647938943888
34800,0.5391460816073177
34801,0.8515062874492156
34802,0.33873178220647226
34803,0.4585707906020467
34804,0.271312562036355
34805,0.2811869903566286
34806,0.19822405664599618
34807,0.37040820352489395
34808,0.6681650128067289
34809,0.6312918501970777
34810,0.31322912851590295
34811,0.35377391745734943
34812,0.4565045943131892
34813,0.3124674290398
34814,0.8294063918728747
34815,0.4397596206087856
34816,0.43710478278983417
34817,0.29577958915657593
34818,0.5942139913056758
34819,0.28155573979770776
34820,0.5490705055313764
34821,0.41997513657485197
34822,0.5391273740781906
34823,0.35521700333389467
34824,0.2929559027801006
34825,0.5517900858930964
34826,0.6239959550540667
34827,0.5517603651333396
34828,0.6755320936382339
34829,0.685523974031514
34830,0.5830989002544682
34831,0.6628285033004806
34832,0.5497853300122484
34833,0.5743015574950762
34834,0.7354420744533772
34835,0.5904025705376702
34836,0.330250545767062
34837,0.3320150933204331
34838,0.6677382636264115
34839,0.4587997844999278
34840,0.383930267833427
34841,0.3448585987742678
34842,0.39682006836092626
34843,0.5503457854135065
34844,0.3370123998646727
34845,0.3889525923712388
34846,0.45974216013765784
34847,0.7384105918130309
34848,0.6769770870896994
34849,0.3333383371201708
34850,0.3772320116434371
34851,0.37710884988130405
34852,0.3760057952082379
34853,0.2420669392306679
34854,0.6153779908190508
34855,0.6381525990357616
34856,0.5554806066919011
34857,0.6019898132801538
34858,0.2517864034716498
34859,0.2260712768349884
34860,0.8870536712609774
34861,0.6609820122272134
34862,0.5357048594982591
34863,0.6745504422382967
34864,0.2307531319832594
34865,0.27020333079225206
34866,0.3618966463245646
34867,0.4604683879165711
34868,0.4382123476085049
34869,0.6467861533083609
34870,0.6858855607400498
34871,0.3768943059400274
34872,0.4012542054544714
34873,0.34046960338122656
34874,0.6447320984907152
34875,0.2388863011532306
34876,0.46429613062291336
34877,0.7511672087657675
34878,0.5215170215027232
34879,0.46491083250160714
34880,0.5391400861284399
34881,0.5404384331454128
34882,0.3603120269937003
34883,0.6347997025691634
34884,0.5448781891009259
34885,0.3939869239356882
34886,0.3267696699124994
34887,0.3937291798757496
34888,0.32447624402420977
34889,0.3478698248497654
34890,0.37967277490108
34891,0.48638455566263045
34892,0.6300164680779032
34893,0.4458225801694521
34894,0.601634001653746
34895,0.7649388182098338
34896,0.8318894011571479
34897,0.2401419519260344
34898,0.8121123816305124
34899,0.654363909589979
34900,0.650815435056844
34901,0.6692322611131701
34902,0.6085491573420336
34903,0.7696200521727012
34904,0.551953771216078
34905,0.35098406321946407
34906,0.7481896570556649
34907,0.34774762139635745
34908,0.5013470951146808
34909,0.4056627003930251
34910,0.304290275840157
34911,0.8043983694706576
34912,0.3187695254789092
34913,0.6346256144140131
34914,0.746069862900644
34915,0.7048253076034868
34916,0.35685813842169645
34917,0.7738531182815058
34918,0.5264420714114023
34919,0.3188672956310648
34920,0.28324253156669466
34921,0.36626382100444005
34922,0.7666869626903059
34923,0.37567501840259226
34924,0.38860877406952893
34925,0.2944977397521951
34926,0.7584734883321286
34927,0.7290020758508609
34928,0.4484195939390136
34929,0.5498672757927024
34930,0.6383030921684059
34931,0.6276774617719184
34932,0.2660422505895962
34933,0.5643720072119361
34934,0.31788645573156166
34935,0.5332912711024476
34936,0.7754358789582193
34937,0.3874977395080322
34938,0.3930178933226722
34939,0.3029490639977192
34940,0.776212571644152
34941,0.6136632458051853
34942,0.8778226095117714
34943,0.7001943285158061
34944,0.547977691485839
34945,0.8984261471852144
34946,0.48964321582366455
34947,0.7647892537809884
34948,0.8605700124408149
34949,0.586492377279565
34950,0.402048942400695
34951,0.8066105244686799
34952,0.9266314071715905
34953,0.7402980237952124
34954,0.5230576829268401
34955,0.5932377903686865
34956,0.5465319530340059
34957,0.5197405639070832
34958,0.7926253844007508
34959,0.8568860403577062
34960,0.8628729337696605
34961,0.4984590058532174
34962,0.6290943191305274
34963,0.7976345751648555
34964,0.8791355754004125
34965,0.5904325468496663
34966,0.45800823852989453
34967,0.7493237194648635
34968,0.3136901440269183
34969,0.6406954165409584
34970,0.5047141783226899
34971,0.8563800116945486
34972,0.5178725223757621
34973,0.5891522500137838
34974,0.4201708724366694
34975,0.42465999031093177
34976,0.443375519389575
34977,0.9807439268038419
34978,0.9031404744002094
34979,0.69473505380884
34980,0.6997615054994245
34981,0.4410353877507864
34982,0.8473235220586016
34983,0.47515070215176713
34984,0.8368936940909141
34985,0.7503135196324542
34986,0.6471232973251374
34987,0.49230318365853737
34988,0.4726478863024458
34989,0.9020194861682719
34990,0.5067082896338331
34991,0.39602284217717787
34992,0.514202133016565
34993,0.62023950450454
34994,0.2695668828946304
34995,0.485005957676931
34996,0.5853533631638201
34997,0.425667902576159
34998,0.7181843359837112
34999,0.34773262082551193
35000,0.38404569983769477
35001,0.7061423463477107
35002,0.6643882345940901
35003,0.4836574944348207
35004,0.4157187424052192
35005,0.2727050540801353
35006,0.7278901611620024
35007,0.5874774734660158
35008,0.39514526662499166
35009,0.617779783334642
35010,0.29039934635466585
35011,0.45763602039106793
35012,0.6072150372135541
35013,0.5293535725170057
35014,0.6382075513331428
35015,0.2750150474745937
35016,0.3052911283345303
35017,0.6231439786276868
35018,0.4235531317842582
35019,0.2815407555649379
35020,0.6817767968487739
35021,0.36896758513494343
35022,0.627902687003627
35023,0.3642732780826863
35024,0.2965880100083399
35025,0.3807659219133773
35026,0.3624412598835022
35027,0.32713905839782415
35028,0.6108156292513689
35029,0.4517592237852135
35030,0.34460658582781817
35031,0.6331008436685167
35032,0.5910333513000233
35033,0.620880467613172
35034,0.329693743642093
35035,0.39870151224990646
35036,0.27941509553154154
35037,0.2508685863742006
35038,0.5874246114630632
35039,0.2768760213767497
35040,0.4117277450905585
35041,0.28052815897781436
35042,0.2965987695690767
35043,0.30595683874391905
35044,0.363065345882789
35045,0.5596052285982804
35046,0.4017806409334352
35047,0.24690382427524998
35048,0.5012091562714095
35049,0.6388157508667527
35050,0.3684769963529842
35051,0.3413040197916093
35052,0.7894729196050866
35053,0.25673664941749474
35054,0.4258617016835077
35055,0.2784969031946309
35056,0.27033175639423146
35057,0.5521041637366582
35058,0.3086921223478044
35059,0.6047721339719793
35060,0.4264835145875804
35061,0.33313794459850127
35062,0.3582732083843595
35063,0.3268883918156213
35064,0.2772152210466802
35065,0.5200571507719812
35066,0.3411644376312595
35067,0.4074049361750628
35068,0.4191627750714637
35069,0.533578010107959
35070,0.8437224731978364
35071,0.39691555215576
35072,0.5365176266433118
35073,0.48178143824732317
35074,0.2953208993753973
35075,0.3778753155464008
35076,0.7170399013813741
35077,0.4600352535476167
35078,0.3122718593863754
35079,0.7605731586545931
35080,0.6531920263493585
35081,0.5742721587582932
35082,0.6075252879046569
35083,0.5991296113912826
35084,0.2842204475598716
35085,0.5418911047239319
35086,0.2717886885425526
35087,0.48483790823518913
35088,0.4512347904922882
35089,0.4303778810319663
35090,0.4147437331191852
35091,0.31438659510348116
35092,0.6814347727461537
35093,0.6374033440147671
35094,0.2578831066267992
35095,0.165133631644326
35096,0.649041488553316
35097,0.3673202009539565
35098,0.7553747267017187
35099,0.31776605060643465
35100,0.6431561533313866
35101,0.4603474066533796
35102,0.4663127755346971
35103,0.39617420123418945
35104,0.25901531534292893
35105,0.6395104114585638
35106,0.6049230295546082
35107,0.31875772301457217
35108,0.4644455337926019
35109,0.3840076305794062
35110,0.2325678007464777
35111,0.5351898357163574
35112,0.6320323633392734
35113,0.4684110487589541
35114,0.6541315316596441
35115,0.591151323227803
35116,0.5589040326714185
35117,0.31822023042659486
35118,0.4074002882548061
35119,0.39791623258635556
35120,0.5541570692987674
35121,0.4485151779362396
35122,0.23338512564528585
35123,0.3034724870761336
35124,0.27345727647184137
35125,0.5981378479125078
35126,0.7102596153368578
35127,0.33161095013188324
35128,0.8067566102657501
35129,0.31509755086007424
35130,0.3018983702082497
35131,0.2952930108132337
35132,0.32409860474099583
35133,0.34825992322030297
35134,0.37446483073630815
35135,0.32806327043369976
35136,0.43352718126469464
35137,0.6991675008056493
35138,0.2791072991922686
35139,0.22118602298106524
35140,0.22096032425340142
35141,0.6168071316532383
35142,0.4099145067941653
35143,0.22555552063165663
35144,0.38520080447308497
35145,0.2925879406882033
35146,0.33219664352188827
35147,0.41549900199143547
35148,0.42967621819982665
35149,0.3490383970770979
35150,0.4555775167991523
35151,0.5265597823244166
35152,0.5889918463973577
35153,0.7854511039364486
35154,0.5053690256065333
35155,0.2757759645318329
35156,0.31784355758785343
35157,0.3485067988344611
35158,0.661569289383014
35159,0.8779635135123542
35160,0.35120788019494226
35161,0.6074696209196419
35162,0.34187983880900696
35163,0.49045974148311994
35164,0.4141246723319186
35165,0.27307978587312814
35166,0.4422761157947499
35167,0.5906749982951391
35168,0.26729267883424307
35169,0.31053670436382286
35170,0.427227726840836
35171,0.4013285985065331
35172,0.713901800349814
35173,0.41072934473039
35174,0.21006575716374334
35175,0.6907936390971156
35176,0.6337200397556902
35177,0.3210107572859763
35178,0.30609188325676484
35179,0.2810591142105472
35180,0.5483516673164188
35181,0.302587653486593
35182,0.7842658707459645
35183,0.2871949236282549
35184,0.6680619231211851
35185,0.6977619412559806
35186,0.27772280365313695
35187,0.26031556567104563
35188,0.3701216080350911
35189,0.22381308318077953
35190,0.21176083782721164
35191,0.22441594281288962
35192,0.7170752824553431
35193,0.7273394198230327
35194,0.6198706735846359
35195,0.5542229905630354
35196,0.8082234344840685
35197,0.6642508030439742
35198,0.6090506231384039
35199,0.3615637595411611
35200,0.27841519239425166
35201,0.3197444641388164
35202,0.5789503634479061
35203,0.502759083379905
35204,0.28210614307506754
35205,0.718971613016237
35206,0.5516000259870679
35207,0.46502311118890194
35208,0.5675213247276464
35209,0.4989146556838581
35210,0.544407866778896
35211,0.40597495488486635
35212,0.5359308364042307
35213,0.6514097474230331
35214,0.385200119305013
35215,0.5073071928124507
35216,0.38215287192654096
35217,0.6093944099338077
35218,0.247730306375379
35219,0.48597297874434836
35220,0.5685195537260797
35221,0.2903494406603131
35222,0.39463011297905515
35223,0.2731329607339605
35224,0.3010709681825723
35225,0.30600580434500146
35226,0.46414594464172304
35227,0.6765534371055978
35228,0.5853817543476346
35229,0.36094244583909335
35230,0.340430297696155
35231,0.638388097860123
35232,0.25171353236052
35233,0.5556653378136496
35234,0.5998481027124701
35235,0.5142734016834066
35236,0.20634560256724527
35237,0.4903222868752645
35238,0.406054995963876
35239,0.4181922882015088
35240,0.29334819514565574
35241,0.3298973520990249
35242,0.3624733461319271
35243,0.677797313476194
35244,0.3091031468827555
35245,0.652280274541835
35246,0.9988823301263962
35247,0.36912945664288266
35248,0.40572347625526206
35249,0.7683157044274803
35250,0.38218885328326485
35251,0.31682348084132544
35252,0.15038123235554426
35253,0.4220180286420777
35254,0.4770821572193373
35255,0.6566869577626586
35256,0.4540497319973065
35257,0.42735822154038905
35258,0.7888613287277246
35259,0.3098138974904106
35260,0.2338511933486515
35261,0.6426204244576642
35262,0.5938146725489324
35263,0.6868663654703361
35264,0.43506038075276987
35265,0.4641326364929413
35266,0.5841615298306051
35267,0.7382662146226764
35268,0.7778371042761757
35269,0.6351300014704812
35270,0.6814255229280416
35271,0.35340938808903954
35272,0.27418757660882154
35273,0.2941596943854642
35274,0.27280346994880056
35275,0.6116295706644836
35276,0.3121353616015402
35277,0.25724215272230827
35278,0.3122509713990567
35279,0.6182788006106771
35280,0.5815757526030015
35281,0.8247830568428522
35282,0.24358083146575657
35283,0.6695074344557316
35284,0.381719394321642
35285,0.2859289178021919
35286,0.4317624467469499
35287,0.5563370133612753
35288,0.9068991529423972
35289,0.4817093268814207
35290,0.2207096641575774
35291,0.2878773072101472
35292,0.5951761466546904
35293,0.5535081678772937
35294,0.4907958971494908
35295,0.7432426649827222
35296,0.26405382955506
35297,0.6496290401354199
35298,0.3681952065522486
35299,0.4312137753828341
35300,0.6353487846466982
35301,0.6430608901468523
35302,0.5448377633718519
35303,0.3091775259086202
35304,0.4116227559046093
35305,0.5312994521748845
35306,0.5172714249943148
35307,0.32712081260263026
35308,0.7295579759118616
35309,0.4554223992858013
35310,0.3304683382526128
35311,0.5335084003555095
35312,0.30640985163782025
35313,0.21961037215367527
35314,0.3332513218206862
35315,0.3336787727326954
35316,0.47734309455623947
35317,0.3151261997815887
35318,0.299757366703357
35319,0.33995403634363724
35320,0.328103146256542
35321,0.24921152206966302
35322,0.28064204827378614
35323,0.5169699461724798
35324,0.3728456307471294
35325,0.692983101403368
35326,0.2635692844945053
35327,0.5663776203830355
35328,0.2856899241926806
35329,0.6576908727135329
35330,0.23416477520918347
35331,0.2630201108268957
35332,0.1996316991958098
35333,0.5664745502431117
35334,0.565794500207365
35335,0.7003281315381112
35336,0.32190814790490313
35337,0.4938259655989698
35338,0.5312434902853646
35339,0.25234274229146736
35340,0.20739656693784408
35341,0.549610782439215
35342,0.2722161396137302
35343,0.31674586878282524
35344,0.3789760993723511
35345,0.6276823654915721
35346,0.6242709061581588
35347,0.6846656628062744
35348,0.2786716233290362
35349,0.39678032816586806
35350,0.4407020162505169
35351,0.386769506273289
35352,0.7469180328132008
35353,0.5293495389710913
35354,0.5487738839985902
35355,0.406997356861862
35356,0.5290771940915672
35357,0.5331069017196056
35358,0.46858287327660836
35359,0.6000417695793341
35360,0.3839254486579268
35361,0.5764790366644279
35362,0.557229511539684
35363,0.2627502395875446
35364,0.36256674775494896
35365,0.3637557640531462
35366,0.48460065231514243
35367,0.602185743811692
35368,0.35655403780744355
35369,0.4386783453699959
35370,0.8049422973887634
35371,0.566750529308703
35372,0.8128440257610113
35373,0.4198625071523383
35374,0.7662119321429549
35375,0.6224294787618294
35376,0.514329801943505
35377,0.2574190081313231
35378,0.7217382694921985
35379,0.43984106217037705
35380,0.6495317171004892
35381,0.664568539762719
35382,0.2529854651265459
35383,0.4226130257946881
35384,0.5825069998969202
35385,0.5902892595090774
35386,0.4193543102005627
35387,0.2805242794169021
35388,0.37059934215435014
35389,0.38293466753810756
35390,0.37626847189867735
35391,0.2629151260190577
35392,0.2682892010568882
35393,0.5922450383288073
35394,0.7409461837397074
35395,0.6871426456346135
35396,0.426570494091254
35397,0.963937406036147
35398,0.4252806208797326
35399,0.47028292938018346
35400,0.5843150475681946
35401,0.3909478842607705
35402,0.5884175828359052
35403,0.36028507740856497
35404,0.7008433044936819
35405,0.5929675434195528
35406,0.4236301634354367
35407,0.7930602419611457
35408,0.7787813009682133
35409,0.3561800330879247
35410,0.7416366336875031
35411,0.6363833948424878
35412,0.6820946720403164
35413,0.38664110644531235
35414,0.6764695614208889
35415,0.7632033025598137
35416,0.8993911479075397
35417,0.8198777997282486
35418,0.8592413374703058
35419,0.5541435477035883
35420,0.6940829070932005
35421,0.7716642047846842
35422,0.8522509467737938
35423,0.7864800446059595
35424,0.5721511031258848
35425,0.869148735928
35426,0.7392633531805975
35427,0.8614082935007343
35428,0.5661411792821258
35429,0.5123924155269475
35430,0.6328561786357977
35431,0.4796099366787738
35432,0.47921808968795643
35433,0.5526838773049635
35434,0.6322513325264821
35435,0.8806842394781224
35436,0.8426960377393606
35437,0.8106376387061613
35438,0.9211258703580762
35439,0.520049587811105
35440,0.6718469105341593
35441,0.6252413674415022
35442,0.8845214595053122
35443,0.7884335795703771
35444,0.6105911242605384
35445,0.8677479184534479
35446,0.4435882793923865
35447,0.5115561824534318
35448,0.5647009153949052
35449,0.4414083896967393
35450,0.44089711200348125
35451,0.6880716702225353
35452,0.8541132099929502
35453,0.7468300590396331
35454,0.6833277706665016
35455,0.47860029020689404
35456,0.7012983178634091
35457,0.7578433035770215
35458,0.723649683360002
35459,0.8933873266921344
35460,0.5148832056320671
35461,0.8341513178986597
35462,0.5035538584571165
35463,0.6314438706536173
35464,0.8251688540630245
35465,0.770155314961896
35466,0.5940507294122067
35467,0.5287194899044704
35468,0.7820176548493513
35469,0.5589148679658739
35470,0.432606811338826
35471,0.4280829210299276
35472,0.8512223482000602
35473,0.7766081699210299
35474,0.7345483349394671
35475,0.2737805506512226
35476,0.5575937284175664
35477,0.34202581056648024
35478,0.5470974235537708
35479,0.2515684100361692
35480,0.6399044529386393
35481,0.26723982702177945
35482,0.2701523337462506
35483,0.3157213861052991
35484,0.48241965922875685
35485,0.3461518023737851
35486,0.37155903782179234
35487,0.6471182992407989
35488,0.42011868547972303
35489,0.4398733811266305
35490,0.7164050537894607
35491,0.7240592498450628
35492,0.5801973200120509
35493,0.6465790456474063
35494,0.41111673402038756
35495,0.7708265424461415
35496,0.3293497364224628
35497,0.4837691207153597
35498,0.594244216066712
35499,0.3884485094732558
35500,0.41945084643660924
35501,0.26907921445605737
35502,0.3653189414617959
35503,0.7983523583270583
35504,0.6618078734978798
35505,0.31307550549292695
35506,0.2429457543336877
35507,0.5351423771162848
35508,0.31278174398622155
35509,0.45373530973806936
35510,0.5846275502528812
35511,0.5860808352646892
35512,0.3872163505773786
35513,0.35350835576070927
35514,0.7761121223478503
35515,0.7374397259892705
35516,0.3933353999840771
35517,0.6264699101113038
35518,0.30355408943415857
35519,0.4462205068878447
35520,0.6130008130000414
35521,0.33237568045810795
35522,0.6252719485073428
35523,0.43351341025145024
35524,0.31718312154007977
35525,0.27963350102420437
35526,0.4310621890588084
35527,0.6026708610919874
35528,0.37489489361272893
35529,0.6972641140125199
35530,0.42573300966435995
35531,0.5467060990219605
35532,0.45564031070863753
35533,0.3543494181005296
35534,0.367839403508745
35535,0.2868005563908355
35536,0.5565443126465038
35537,0.5066820669707631
35538,0.27794323167462803
35539,0.697117833269659
35540,0.3816856116976492
35541,0.42386628167013196
35542,0.42227705946192584
35543,0.5854068689927517
35544,0.6171966051544752
35545,0.4016626384790187
35546,0.25914046578709865
35547,0.48595490502887606
35548,0.3711531600967662
35549,0.44241085132095936
35550,0.4418555791785972
35551,0.6204250060618312
35552,0.4506379507909822
35553,0.8527016125874887
35554,0.5510243516249259
35555,0.7334041758954846
35556,0.6336210583560034
35557,0.7561515152046171
35558,0.7334017257638356
35559,0.2370946070271557
35560,0.6232868054377522
35561,0.23264547500788932
35562,0.26214060461498184
35563,0.4434326999823888
35564,0.24888945722187672
35565,0.2568846980779054
35566,0.3948232891190052
35567,0.2705289111061117
35568,0.3166068965398374
35569,0.22032271942127102
35570,0.584120055534962
35571,0.7173136549164622
35572,0.5003003111843863
35573,0.3030465063231792
35574,0.6465289040794282
35575,0.21201165585942874
35576,0.656706161550198
35577,0.45251556762399076
35578,0.7466797247842607
35579,0.4274133905878674
35580,0.5426076016652817
35581,0.636809910493652
35582,0.36840562413550615
35583,0.3026873261238304
35584,0.6576190043837354
35585,0.5866127415252271
35586,0.914220469680704
35587,0.22310794323346797
35588,0.23026378170918413
35589,0.3279728026668427
35590,0.22456741762999188
35591,0.5419056903848178
35592,0.45825198216794927
35593,0.4763611334725725
35594,0.5094933867778848
35595,0.227240641133296
35596,0.30938642237151565
35597,0.501230659456827
35598,0.5613551495272421
35599,0.6001495870609295
35600,0.1999313061738244
35601,0.5623017071611484
35602,0.6034958100051004
35603,0.5723953506631074
35604,0.3960404489939513
35605,0.1995593204020029
35606,0.7437903650339744
35607,0.29609308897904285
35608,0.5909338830608031
35609,0.371965955887227
35610,0.6716520647609825
35611,0.5658333700578266
35612,0.6259143802412347
35613,0.41274723355598975
35614,0.3460078418514027
35615,0.5523610472406154
35616,0.39350174591295
35617,0.29929779081798485
35618,0.3383875172471162
35619,0.3626073858007647
35620,0.6001455951055303
35621,0.4023748546853286
35622,0.27526240467830426
35623,0.6977748997790566
35624,0.3322277907275646
35625,0.3638568979134391
35626,0.20527006456847025
35627,0.2807555877917663
35628,0.3303230019615878
35629,0.7262114654985895
35630,0.4778767125220122
35631,0.5657336356324826
35632,0.5300944062520752
35633,0.6245867838200483
35634,0.28660535118663244
35635,0.30534284612191653
35636,0.2595926199445428
35637,0.6012673069150357
35638,0.5985232331703766
35639,0.29140705070776346
35640,0.3805474370741406
35641,0.6676686082167186
35642,0.25650846844465647
35643,0.514507455122028
35644,0.508742628924255
35645,0.3953460135706367
35646,0.21269899829088662
35647,0.4871538410309239
35648,0.38706637517812775
35649,0.41208872357806636
35650,0.1938883631669186
35651,0.722128664141316
35652,0.26397375143605417
35653,0.4084234940730967
35654,0.5000411321172751
35655,0.48606171072507515
35656,0.24665974775862642
35657,0.39618311460491396
35658,0.5494751065447026
35659,0.6447739429121634
35660,0.24534164749133278
35661,0.2837734830633745
35662,0.26992370612851546
35663,0.3545886031857591
35664,0.3037357041810672
35665,0.3399605396661528
35666,0.4356240848372115
35667,0.37601224684653856
35668,0.6199148909143409
35669,0.3160224120661147
35670,0.35524087179523417
35671,0.2506653091845499
35672,0.27658358748992234
35673,0.5682704891383703
35674,0.26097234157412735
35675,0.2284260312057769
35676,0.6161102676267665
35677,0.7150306051327199
35678,0.6077817957954413
35679,0.5156516859947028
35680,0.3943951963698117
35681,0.7380428474087966
35682,0.7255309847102226
35683,0.4018425084736291
35684,0.35923895253495425
35685,0.44794101837272754
35686,0.3250916667593992
35687,0.716090846215158
35688,0.6142740903280814
35689,0.49736774253447996
35690,0.6914265874578595
35691,0.6999894081346804
35692,0.3073717527012332
35693,0.6157504720175585
35694,0.6001010147712205
35695,0.5614379676050688
35696,0.37981585222597847
35697,0.6330299384217482
35698,0.6264256231413818
35699,0.39364674328534255
35700,0.6465439160876638
35701,0.44235682002815235
35702,0.28550820194411847
35703,0.5622050582525826
35704,0.487527995669466
35705,0.4664180504449938
35706,0.7259992405301418
35707,0.5970700530606673
35708,0.28465709217023766
35709,0.5869367634804055
35710,0.24016708238929488
35711,0.5350156028601465
35712,0.20203925882232127
35713,0.226559566931542
35714,0.6525058049482935
35715,0.5249959444856491
35716,0.34988834220998105
35717,0.3920247755194158
35718,0.244544532040726
35719,0.2671201627641206
35720,0.30958673030558365
35721,0.34509957566054167
35722,0.644599702043071
35723,0.571124653846634
35724,0.6865607669334803
35725,0.7300964222147446
35726,0.3477922932980284
35727,0.6715641191673789
35728,0.6669386459168863
35729,0.261548764833378
35730,0.2647511253570363
35731,0.41104040131958086
35732,0.23064439213795151
35733,0.585217836602663
35734,0.7080351168727445
35735,0.6407622364464145
35736,0.5917150612314929
35737,0.3130054841253109
35738,0.3930162126659021
35739,0.6421759896647774
35740,0.4661060263104935
35741,0.4601380078684388
35742,0.5409096178355337
35743,0.6906142273273811
35744,0.4576404920373283
35745,0.5115234319358332
35746,0.3754923722704485
35747,0.7118492802374352
35748,0.2298731385341955
35749,0.35978047928785845
35750,0.6122418857761915
35751,0.27724846290182265
35752,0.3440676173215911
35753,0.19393790231022284
35754,0.5286020769140832
35755,0.600005298360139
35756,0.20345128981943275
35757,0.3282523837172577
35758,0.48151361678250765
35759,0.2516010382952528
35760,0.589117840903735
35761,0.6155541597583277
35762,0.7124446258472169
35763,0.1677647645326264
35764,0.24472089052094384
35765,0.5026542282509705
35766,0.2745990986336041
35767,0.29565251040178286
35768,0.5842842064826249
35769,0.5415006208238018
35770,0.7943610307638147
35771,0.5085594555088118
35772,0.3670125333746966
35773,0.4551362341997373
35774,0.255841031202267
35775,0.4315743806794475
35776,0.4809389982144382
35777,0.7318275648814646
35778,0.6457600296870184
35779,0.6594202830646282
35780,0.3294686435027892
35781,0.44962559729871987
35782,0.31468387589576896
35783,0.695410043162698
35784,0.6420653378949467
35785,0.7754165551795731
35786,0.432432332105622
35787,0.6746703953500325
35788,0.4460235224428616
35789,0.4291570088171517
35790,0.47712372790934504
35791,0.3007317321081661
35792,0.2895718266150791
35793,0.5824330544240301
35794,0.3582339859636059
35795,0.27147858117407775
35796,0.22924479650242338
35797,0.6786292768134795
35798,0.751428665267225
35799,0.5855646097899873
35800,0.6318595410621218
35801,0.5538256934099544
35802,0.3047023335970425
35803,0.2837745819817618
35804,0.613722939842126
35805,0.4073922786355596
35806,0.6524894921889185
35807,0.4602453660293906
35808,0.34807598651488897
35809,0.27956519913174455
35810,0.4424668475537988
35811,0.5566617437755808
35812,0.4620334611740386
35813,0.5439808300055725
35814,0.5550309505347988
35815,0.296639866633984
35816,0.5784408778361504
35817,0.2884359810962658
35818,0.42627003158808413
35819,0.6634786487815535
35820,0.4814961818897278
35821,0.45426264503777264
35822,0.38740831609525045
35823,0.31375624481276365
35824,0.664916649898911
35825,0.6373112613126453
35826,0.3429363547613686
35827,0.37231997258955246
35828,0.3842262640672342
35829,0.5413945308804982
35830,0.3767887862277806
35831,0.7188122035851681
35832,0.41454217138263155
35833,0.40638717625046966
35834,0.40206432749010446
35835,0.49646268137995836
35836,0.34182775764263174
35837,0.34925677178529535
35838,0.2973931943792532
35839,0.2401663967056178
35840,0.31029389215724756
35841,0.4381729914637
35842,0.34081838925986335
35843,0.31301462677308267
35844,0.7529197093560345
35845,0.3567599036143525
35846,0.5563560674867889
35847,0.7035453329325113
35848,0.7226395491710009
35849,0.48030911721780833
35850,0.7514646434538036
35851,0.38095855724505784
35852,0.506337470457622
35853,0.274052978358093
35854,0.7536894855121036
35855,0.5166091017122146
35856,0.5916607340373595
35857,0.40677222571990046
35858,0.6520895374250232
35859,0.3813365685242378
35860,0.2550974508197816
35861,0.37333812818126927
35862,0.2353128438857542
35863,0.48214822931863666
35864,0.34845955648761695
35865,0.4864061820361061
35866,0.7508168293077789
35867,0.677243719155012
35868,0.44659943994356377
35869,0.37543449067553064
35870,0.7286839651163844
35871,0.7035754061509422
35872,0.6871778350530926
35873,0.5248998656325017
35874,0.6852791709382638
35875,0.44649376452053374
35876,0.7634071997936983
35877,0.6821301802761455
35878,0.6094625978795798
35879,0.7091307111233274
35880,0.2693836534089074
35881,0.7270668320100256
35882,0.42475059242062174
35883,0.41348467977168873
35884,0.308632275975699
35885,0.5303986994132195
35886,0.7741188884427423
35887,0.28452820672082085
35888,0.3681911474269998
35889,0.33179211671023173
35890,0.5884349752904087
35891,0.34477225373696113
35892,0.5616548589706462
35893,0.424135730081521
35894,0.6084076126377133
35895,0.4435979899269491
35896,0.4093915507231453
35897,0.691618032437012
35898,0.6348440037029632
35899,0.718999087187446
35900,0.2668809734142307
35901,0.6240342591272419
35902,0.4156516340834194
35903,0.5768730188248659
35904,0.5648730890015694
35905,0.8626026287495212
35906,0.35159183990798754
35907,0.6379975478520339
35908,0.48261237066152246
35909,0.3572773804986112
35910,0.6920110071764103
35911,0.6197337176275076
35912,0.39707705951810046
35913,0.3171481336635298
35914,0.42395020403851236
35915,0.2768750541920581
35916,0.36470603637348276
35917,0.3734580774921152
35918,0.8118212942087778
35919,0.8016261576144553
35920,0.7717647251272491
35921,0.6205905770318166
35922,0.4088403023738611
35923,0.781723614915291
35924,0.5756261868197009
35925,0.646523159425492
35926,0.8092298584824865
35927,0.7532613052956241
35928,0.8188295148377174
35929,0.7866800990623761
35930,0.8842474296462232
35931,0.8977633694827122
35932,0.6837961557129574
35933,0.8640028918857929
35934,0.5675984416234799
35935,0.5312143722944854
35936,0.772160091583073
35937,0.5755690297772912
35938,0.6500178569261185
35939,0.4566355161596517
35940,0.9027938523542153
35941,0.7342398796904304
35942,0.7980808896368167
35943,0.6152189462663028
35944,0.5247189096652971
35945,0.5905925658857645
35946,0.8079262217369562
35947,0.5350473537182243
35948,0.5022510377912522
35949,0.8028775124733994
35950,0.5954382378884874
35951,0.8118552098655621
35952,0.7267500194555218
35953,0.6229005467516526
35954,0.4822066945057983
35955,0.4591372903504962
35956,0.5237301436345755
35957,0.6163029641942771
35958,0.42341834016952967
35959,0.4283865604562628
35960,0.6431468995482771
35961,0.4279484558341688
35962,0.6851247893508763
35963,0.4884738549162808
35964,0.741579647660015
35965,0.4605084839814054
35966,0.3545623054423298
35967,0.8558680726466706
35968,0.531289707495134
35969,0.6527337192771773
35970,0.5707883139360792
35971,0.5558423105151562
35972,0.638611114992832
35973,0.4447329645334375
35974,0.8359877575436381
35975,0.7840112849729383
35976,0.519154847171678
35977,0.4607147926128732
35978,0.47422158776706863
35979,0.35585300268090064
35980,0.2534965361299127
35981,0.5111377713962892
35982,0.22797443570449175
35983,0.3943097028471455
35984,0.6794864767772499
35985,0.205146673454786
35986,0.6557783287438399
35987,0.4534383133071165
35988,0.6909841456168218
35989,0.3591755782146161
35990,0.3291198161061142
35991,0.5975736768873293
35992,0.31500816327925335
35993,0.6177606759523376
35994,0.46401559844509355
35995,0.6048512092767555
35996,0.6533589110162284
35997,0.2473061229939835
35998,0.5524048220506295
35999,0.32460354979397626
36000,0.40371788482808246
36001,0.29762776689776543
36002,0.6580827110333316
36003,0.7189710752590709
36004,0.7842461778749745
36005,0.425279395242022
36006,0.30921944950166047
36007,0.28451068875201424
36008,0.30510873329824956
36009,0.64325077430333
36010,0.666031146907111
36011,0.6690505454705805
36012,0.6212150355082497
36013,0.7159664671818541
36014,0.6114071315635573
36015,0.3485403834685278
36016,0.2124165282801692
36017,0.4657751886618819
36018,0.3353136235541862
36019,0.34490782806399545
36020,0.3888790491572492
36021,0.3866405215084954
36022,0.3164749514650802
36023,0.5145459588137604
36024,0.31080699916381566
36025,0.3566259692784889
36026,0.6298647102853328
36027,0.6275958095116769
36028,0.6578945258878324
36029,0.7072841502533095
36030,0.6841547794131495
36031,0.2862981485184451
36032,0.26755183088506473
36033,0.40878071904624935
36034,0.5308299737435287
36035,0.5914183138486295
36036,0.6043955273715848
36037,0.9114858917687855
36038,0.5287197677889468
36039,0.3381022429147665
36040,0.31633183028504386
36041,0.7230775351957679
36042,0.7103965158828816
36043,0.43601882269050685
36044,0.4957955990307509
36045,0.2916906161546345
36046,0.45770312544275
36047,0.22632561843608132
36048,0.37205686957082984
36049,0.2699202679741363
36050,0.4190921120822014
36051,0.6127391924135746
36052,0.628815067122917
36053,0.6701623775349145
36054,0.39591383085389426
36055,0.2648199619098413
36056,0.3898742869398998
36057,0.35761288784304696
36058,0.5115900548837582
36059,0.42709271678458877
36060,0.2713691666954441
36061,0.3597372498482133
36062,0.28231534279174547
36063,0.3411209870053325
36064,0.30521009050266723
36065,0.7170530717813713
36066,0.6405466847010546
36067,0.594879633702614
36068,0.33773215501880444
36069,0.4691294523766912
36070,0.1753508361515539
36071,0.3532466772683178
36072,0.23537473106573306
36073,0.2100714791283686
36074,0.38767425511558473
36075,0.5199156626595401
36076,0.6692585253432244
36077,0.2992329494867224
36078,0.5847696192924174
36079,0.3089433543140888
36080,0.6576627525347319
36081,0.3651433156349722
36082,0.5700478827778375
36083,0.22624050022578576
36084,0.5113447863777151
36085,0.2442961842531483
36086,0.23647050809241368
36087,0.27583105201124614
36088,0.436906215023973
36089,0.7001369117433939
36090,0.3211620360073082
36091,0.2137348184951361
36092,0.31442655246728757
36093,0.29514261631808736
36094,0.3314830643285615
36095,0.31317805995079756
36096,0.5907948881088952
36097,0.23148575660144155
36098,0.2508728827026304
36099,0.36937433272149234
36100,0.3415748753673386
36101,0.4243437152685467
36102,0.6212342081810297
36103,0.31804011722567554
36104,0.2952031156680704
36105,0.5185958832886762
36106,0.3087411428012539
36107,0.6147435299860763
36108,0.4303331240095443
36109,0.23167211900173348
36110,0.3505038897269558
36111,0.34905110586679516
36112,0.4523466765197525
36113,0.8811128978521234
36114,0.5066428699435865
36115,0.7579770701319007
36116,0.7319946504373432
36117,0.7062369660831362
36118,0.5879298910440233
36119,0.4027607477064743
36120,0.5724058918972648
36121,0.46791375067224655
36122,0.786039851055087
36123,0.5094235007973626
36124,0.7213514918667682
36125,0.7281150235638583
36126,0.6071312651637762
36127,0.3294049503108444
36128,0.4330966983405142
36129,0.5165932929932476
36130,0.24006173622445023
36131,0.767353410191522
36132,0.5927715092380482
36133,0.21763553860548407
36134,0.7695633496171932
36135,0.16069052883078935
36136,0.22776506240347982
36137,0.6029679345716403
36138,0.34089507822020176
36139,0.3449666906248751
36140,0.17782683705680552
36141,0.6495693189594918
36142,0.6339772220423954
36143,0.3222432778855623
36144,0.5941342445993124
36145,0.28217244064284064
36146,0.5305056156844484
36147,0.5793928161520536
36148,0.30167321470635783
36149,0.4892918093333011
36150,0.2876037391345221
36151,0.26541647436047333
36152,0.3000727605602624
36153,0.24731284500414638
36154,0.44309397394341193
36155,0.40864950660883775
36156,0.6201526044828425
36157,0.4824645695815542
36158,0.27450089849784787
36159,0.19848134184322924
36160,0.26638974170736546
36161,0.28246386714663363
36162,0.3290660321669161
36163,0.30978856417666295
36164,0.20416169522787372
36165,0.36132450537019895
36166,0.291764757412892
36167,0.48745270378510697
36168,0.27364715672901113
36169,0.22675392164327815
36170,0.4208035143551341
36171,0.38657117600028107
36172,0.6482951073881218
36173,0.45665112299604854
36174,0.33563450148424845
36175,0.32681379147433354
36176,0.1955553150788952
36177,0.6263893837586716
36178,0.7485421842734653
36179,0.5892934596391901
36180,0.6188837249090017
36181,0.5573345990988428
36182,0.2389264786850671
36183,0.3277201238295963
36184,0.5399410507159682
36185,0.567230747723694
36186,0.5572897210990612
36187,0.2684363579452954
36188,0.6753853953691488
36189,0.5257697893240315
36190,0.39363436466451535
36191,0.6572815578433516
36192,0.2818132459481464
36193,0.636658591904758
36194,0.65230876728771
36195,0.7089429462267383
36196,0.24738476687358074
36197,0.20501359075705733
36198,0.4500621959303262
36199,0.3165242631555258
36200,0.23031508373566234
36201,0.23233233281876087
36202,0.1991396438918561
36203,0.3226823801442552
36204,0.41090941137278936
36205,0.6892295266193968
36206,0.642609864893204
36207,0.2813469006762875
36208,0.7539874516091425
36209,0.5204805911235959
36210,0.509065109257598
36211,0.33605952330226413
36212,0.43087985937287626
36213,0.23619036366142634
36214,0.6063793628146961
36215,0.5553916277134706
36216,0.3418105840788896
36217,0.6931933253069156
36218,0.5570421898646543
36219,0.4289921288375012
36220,0.5888809890946674
36221,0.4644779655556629
36222,0.6111617683153209
36223,0.8373899876751356
36224,0.7037166865579085
36225,0.5868477616622753
36226,0.41771344863518667
36227,0.6087660140335857
36228,0.3573938214119244
36229,0.25262486361244574
36230,0.2945799648406145
36231,0.3139542856546535
36232,0.5362255197750417
36233,0.7721742628423619
36234,0.4010667374156976
36235,0.24980611399331068
36236,0.39936642048285875
36237,0.6539865489430008
36238,0.6226364392254158
36239,0.30094500437491484
36240,0.3137010716205223
36241,0.4272249730489899
36242,0.6016145868526909
36243,0.6070583305588816
36244,0.6380091312561407
36245,0.40998281205029735
36246,0.6330154861045477
36247,0.4177301944452521
36248,0.22276692287657845
36249,0.26512336739144365
36250,0.5357338851712687
36251,0.5941961413009309
36252,0.25970543473452884
36253,0.6978575805755033
36254,0.4103608362624334
36255,0.34067559277113557
36256,0.18213125737877361
36257,0.3345533433148604
36258,0.3675527962920421
36259,0.27990576276448076
36260,0.7020412713631704
36261,0.545435393364291
36262,0.5322070992221457
36263,0.5778217366100247
36264,0.49862168643143007
36265,0.3134162452426433
36266,0.38289438099632667
36267,0.5481390681812027
36268,0.537156515352902
36269,0.6597929073591574
36270,0.8081690700654067
36271,0.2676933868869295
36272,0.7398456859331938
36273,0.26622407366358736
36274,0.4289268274189569
36275,0.33091296477694804
36276,0.6470245842600149
36277,0.33783100752231615
36278,0.417040615170032
36279,0.37392709803435936
36280,0.6322228774403994
36281,0.36805500617139375
36282,0.4687351607959891
36283,0.5167127386668232
36284,0.3391753859827683
36285,0.4406013766425735
36286,0.5888306047708469
36287,0.3311783970822983
36288,0.41792697607747165
36289,0.5159292187063783
36290,0.5566632077934688
36291,0.6863042077215774
36292,0.22206557754866738
36293,0.6890726097523249
36294,0.35597602161934055
36295,0.6580982335760845
36296,0.37514511062368017
36297,0.5988129955939491
36298,0.4460923747896591
36299,0.44814121216155617
36300,0.2643285567681144
36301,0.3852845789698671
36302,0.6557102010967185
36303,0.527118438830828
36304,0.34877634720002393
36305,0.731764539598672
36306,0.5728620397587896
36307,0.24344292390050815
36308,0.2701383891854543
36309,0.6344448454918263
36310,0.47144690174959414
36311,0.18233314058581043
36312,0.5797658471066719
36313,0.37297271048665703
36314,0.3728415184704878
36315,0.4768244962817897
36316,0.37343917088924417
36317,0.26022771292658214
36318,0.6142606137948815
36319,0.4668832156498246
36320,0.7987652543592354
36321,0.6062087212762473
36322,0.4530091048960125
36323,0.5981346594632901
36324,0.44235838779242465
36325,0.5297540968246125
36326,0.6038328298760994
36327,0.5553410581638383
36328,0.6478008346180668
36329,0.31222648850559
36330,0.6719936917727348
36331,0.5717257707869966
36332,0.7297185140296787
36333,0.3431350658660077
36334,0.2715916055917047
36335,0.5779606189947483
36336,0.27360723311485263
36337,0.33483714174261814
36338,0.3484528872851239
36339,0.8390391213021366
36340,0.43028507708191815
36341,0.7338333502544615
36342,0.6485082909785993
36343,0.37573523134985
36344,0.32150694071869484
36345,0.7192412544897537
36346,0.42678335888434904
36347,0.6662948816016614
36348,0.24443735890355248
36349,0.5011639691684812
36350,0.31542381765652217
36351,0.40320972484121437
36352,0.2760726010020649
36353,0.5547280017931472
36354,0.4430912597258479
36355,0.2826817349800756
36356,0.3690467122178337
36357,0.5234585043217554
36358,0.2822088547986192
36359,0.6972609079078416
36360,0.693483957122219
36361,0.6598403685119787
36362,0.397624605776252
36363,0.5887701765678536
36364,0.3175986552807169
36365,0.32476878720001756
36366,0.2890902602741096
36367,0.3886387285390404
36368,0.632067472513413
36369,0.6714797504028023
36370,0.25059281133403644
36371,0.3997078153710069
36372,0.3472083061735591
36373,0.5038827060068668
36374,0.6763400568663126
36375,0.39049615825519973
36376,0.3537619111258968
36377,0.6816228757137159
36378,0.7776356650680954
36379,0.41971209387247566
36380,0.658590059179135
36381,0.4575089221367157
36382,0.6187912900496484
36383,0.3753967063027835
36384,0.7182100878149463
36385,0.5456515831135453
36386,0.5407371066429767
36387,0.3072972212494225
36388,0.3388329940325418
36389,0.240822703937968
36390,0.7136099975942618
36391,0.698095023092613
36392,0.5911656598334873
36393,0.4618532978561668
36394,0.42380237362983697
36395,0.4616358175357283
36396,0.472075244164267
36397,0.6624972533581507
36398,0.5184786544603297
36399,0.6981600951777338
36400,0.4722941245515527
36401,0.5310742892907082
36402,0.5893910675457535
36403,0.6153388471683473
36404,0.7085664769653672
36405,0.7973247622472096
36406,0.8477283142754414
36407,0.7632506349823273
36408,0.69300262635423
36409,0.7872869106021887
36410,0.5410155918287891
36411,0.5800722377086731
36412,0.7970773796640536
36413,0.9032370230385462
36414,0.8656070404752756
36415,0.5973617661232299
36416,0.5117399376691008
36417,0.5346324202857097
36418,0.6929737080666413
36419,0.48716983653540186
36420,0.48149397367507335
36421,0.46971573474337314
36422,0.578713447549344
36423,0.47665377559190736
36424,0.8932256059618234
36425,0.4574616977407394
36426,0.6909854383931306
36427,0.6570411061743152
36428,0.7910016007794779
36429,0.6095438934683265
36430,0.49976741367882016
36431,0.9089229642593312
36432,0.6002162167816228
36433,0.4573567799394009
36434,0.7388522870591377
36435,0.9009146431665219
36436,0.721554873489592
36437,0.6320470076864396
36438,0.6147118171461969
36439,0.5404345471407103
36440,0.8435733149325915
36441,0.8934403445505229
36442,0.8252466083842304
36443,0.5782085777302672
36444,0.7496391828499875
36445,0.5476235956487757
36446,0.5904282217526976
36447,0.8006692908963375
36448,0.6688111998683618
36449,0.5442734313967336
36450,0.43574080589437136
36451,0.6791637568074158
36452,0.8317053131382854
36453,0.7070680127271421
36454,0.4967771838912276
36455,0.8661636785753968
36456,0.4069613695054845
36457,0.5418155765005739
36458,0.4566237175442134
36459,0.7507495285189075
36460,0.4313040206505001
36461,0.8401024853731955
36462,0.8669349795785033
36463,0.49654051179498476
36464,0.8675113553538267
36465,0.6695543297310151
36466,0.750997052155707
36467,0.6498884956534761
36468,0.2904601610169519
36469,0.3461299041415615
36470,0.6801863672321805
36471,0.5869566483566773
36472,0.31810848370646916
36473,0.3789743713931709
36474,0.525356036122413
36475,0.34516778372413737
36476,0.38214049159489727
36477,0.346720573208415
36478,0.30111377279039186
36479,0.5615974656316537
36480,0.525401923497259
36481,0.5597046870913011
36482,0.6558879013795949
36483,0.353693702843792
36484,0.507797897673394
36485,0.6007660117646607
36486,0.5418948020544662
36487,0.45204601131958283
36488,0.3429988352393461
36489,0.6894500922959774
36490,0.6771611235456252
36491,0.3346554612972919
36492,0.23754128568537003
36493,0.7977532885147328
36494,0.6384221323643693
36495,0.3694736727718075
36496,0.3097958417566721
36497,0.4465798215748567
36498,0.4978310895650491
36499,0.5111442405921636
36500,0.5263312629729957
36501,0.2829495765200715
36502,0.5293984216551861
36503,0.62940838761227
36504,0.43158825895385783
36505,0.37178257905684564
36506,0.29333494968668367
36507,0.5218493901083374
36508,0.6131268425567906
36509,0.5319255494439531
36510,0.4160343514858153
36511,0.7612535195815678
36512,0.2943455578017211
36513,0.3216180031573396
36514,0.796150277612837
36515,0.6395689715738152
36516,0.27383545776173324
36517,0.3066527324841385
36518,0.20788627606888538
36519,0.2743204158067541
36520,0.3916927105781675
36521,0.7740727631708592
36522,0.3913239613482625
36523,0.3089184843551704
36524,0.8183293676719033
36525,0.2704680091433955
36526,0.30756662505314386
36527,0.3255025041798017
36528,0.5374398188092843
36529,0.34837387434500744
36530,0.3215993569256572
36531,0.6964551335729385
36532,0.6829107787705201
36533,0.3580502747111179
36534,0.5672065094647879
36535,0.6162320549043934
36536,0.45958863570713354
36537,0.28074580464346477
36538,0.30828423589487425
36539,0.29107325276734913
36540,0.3928671690264697
36541,0.7053248733175824
36542,0.44837538505874325
36543,0.40580253651402615
36544,0.5622534020946648
36545,0.4846948910802098
36546,0.3931468608956955
36547,0.8390077703418677
36548,0.42075726699699095
36549,0.49868435206175915
36550,0.61760240005019
36551,0.4358078737498936
36552,0.30564863792429375
36553,0.41135668018964067
36554,0.41790375346659586
36555,0.3992043090313421
36556,0.4417144039895092
36557,0.31444705540758877
36558,0.756651579664392
36559,0.4510394850985412
36560,0.47830063116640736
36561,0.32223667853291127
36562,0.26560819082970255
36563,0.3886602205372501
36564,0.22957589226055733
36565,0.4256051496144779
36566,0.5531506851169379
36567,0.21763628581982403
36568,0.26509846906277607
36569,0.5043429292587529
36570,0.3259662266727895
36571,0.7199827993915611
36572,0.604815706595986
36573,0.626535724823681
36574,0.6813562234525039
36575,0.503333184708191
36576,0.8059425155944966
36577,0.23450428986715077
36578,0.4576704348907013
36579,0.5564554450500979
36580,0.2937478221864237
36581,0.36452885818434355
36582,0.3675338118406148
36583,0.689487365396009
36584,0.5684549783345246
36585,0.2919004078682178
36586,0.2895892397054909
36587,0.42526798857843034
36588,0.3287583978038435
36589,0.31146590365794014
36590,0.2772896597346941
36591,0.5801086337769679
36592,0.5935111265677544
36593,0.30806222498737246
36594,0.5524456169092331
36595,0.3843009315312962
36596,0.549952099696349
36597,0.5687740808505545
36598,0.3216966714587692
36599,0.4754161528599994
36600,0.33975700893011834
36601,0.3181787265356632
36602,0.6214069189138665
36603,0.3882397375378464
36604,0.27891236393495744
36605,0.4791435289433097
36606,0.49791882416130745
36607,0.23888969714170244
36608,0.6738444739105849
36609,0.6072353040051723
36610,0.6441151931169623
36611,0.4837093021839612
36612,0.6948643366112087
36613,0.4792476736618511
36614,0.5598115750572655
36615,0.6318158615604567
36616,0.5465508367613459
36617,0.4759626702749809
36618,0.45660940063236005
36619,0.44678047352600136
36620,0.3308477672767139
36621,0.3089283730545655
36622,0.20799924863527847
36623,0.1662502066963579
36624,0.5484923927459425
36625,0.21345922744829904
36626,0.23107226075974266
36627,0.46101209278366817
36628,0.3999380146396642
36629,0.335669142259401
36630,0.4968793897224611
36631,0.3828706043795324
36632,0.3530141610353256
36633,0.4848414529813821
36634,0.23104981848228434
36635,0.391856224205423
36636,0.3987527166488244
36637,0.3341897039866366
36638,0.3989046701541963
36639,0.39790726509500474
36640,0.5907593245910953
36641,0.4177155706977493
36642,0.6182357756863341
36643,0.8524927805584663
36644,0.5802375602312158
36645,0.48773304722831484
36646,0.41409581093111647
36647,0.434692860973908
36648,0.25567134468788233
36649,0.3152057030214583
36650,0.5616913469419417
36651,0.2949568666801018
36652,0.3832975754878125
36653,0.5177678154873027
36654,0.3888440907251655
36655,0.4967914254668678
36656,0.3061609578341204
36657,0.33248753759733474
36658,0.23885427042750437
36659,0.6391070120761279
36660,0.40917273502226564
36661,0.2722154585467739
36662,0.5827054859445355
36663,0.48212461570964155
36664,0.5676494083074424
36665,0.8371244596229126
36666,0.26080987612030715
36667,0.6288484182880479
36668,0.5729865989936388
36669,0.28320484453293626
36670,0.6501099051441521
36671,0.37777028526158224
36672,0.2728133789805029
36673,0.30391964633235763
36674,0.23839766343463675
36675,0.3034094884748937
36676,0.48376605566596376
36677,0.4363808744740238
36678,0.7249369267798635
36679,0.3450500930689069
36680,0.36916944870598906
36681,0.5621370099861406
36682,0.34347579415234863
36683,0.2363996037001525
36684,0.6083377711662342
36685,0.4398939929035132
36686,0.371568127992639
36687,0.4636513211422424
36688,0.1800822778731595
36689,0.2935967529408809
36690,0.28753777620641063
36691,0.6749174196289437
36692,0.5003005660438902
36693,0.5373195704555356
36694,0.3237518787137071
36695,0.37562961073400075
36696,0.47358545386165424
36697,0.34814421981173216
36698,0.43606573531871246
36699,0.5243592170559817
36700,0.48683705008479283
36701,0.6200854515816777
36702,0.24131175401977656
36703,0.27960072996660285
36704,0.2428272315392003
36705,0.388095794724425
36706,0.5973949461084807
36707,0.22316518600889404
36708,0.24353618150282746
36709,0.6441292279940515
36710,0.40822501484500456
36711,0.3353194890348587
36712,0.5042013846179589
36713,0.6078184094330015
36714,0.30301351355734724
36715,0.6239338863911171
36716,0.46859398690627746
36717,0.2486060261977856
36718,0.6466926991635256
36719,0.2648403731739873
36720,0.31828984649371506
36721,0.6458486062165129
36722,0.3731915595359017
36723,0.38914671781796656
36724,0.6960023454640081
36725,0.4441284217540083
36726,0.3451704276714079
36727,0.3285505062597452
36728,0.3132701772970365
36729,0.5321753477969381
36730,0.41158284363113634
36731,0.38160091617136743
36732,0.3437329120823171
36733,0.34802141522741675
36734,0.3544027063361985
36735,0.5433438989788438
36736,0.3164472012746394
36737,0.5521073907641971
36738,0.4411329094060852
36739,0.5403891044799549
36740,0.5191007267558405
36741,0.43137429189463455
36742,0.49674607012271665
36743,0.7126254949462397
36744,0.6282831888278898
36745,0.33332625894947676
36746,0.4841463702202276
36747,0.616903610338377
36748,0.4255588955373776
36749,0.2885145157573761
36750,0.6321504571342221
36751,0.37066283900329017
36752,0.6004271243894831
36753,0.4742098884087465
36754,0.38716729381147647
36755,0.34146351800615754
36756,0.6052384637736967
36757,0.17075008965212232
36758,0.7602916177605756
36759,0.42788273721750236
36760,0.2609528882002124
36761,0.48521969325687164
36762,0.5322331311259462
36763,0.243353315399397
36764,0.5584878596917435
36765,0.5782285820725508
36766,0.6380862160134406
36767,0.5953400796219389
36768,0.3098928272814333
36769,0.4364148006543235
36770,0.3617851453661883
36771,0.7216889880358512
36772,0.4141219955301323
36773,0.5339826226227744
36774,0.40561267996244565
36775,0.29853972063130174
36776,0.6136052554431707
36777,0.44899805973919454
36778,0.3420038741467714
36779,0.6028638919340586
36780,0.2500711867251896
36781,0.3809891231703598
36782,0.5452963653772583
36783,0.3137067766357141
36784,0.7253838039787489
36785,0.6649823555626415
36786,0.34807680156402543
36787,0.6033497014731233
36788,0.6028131382041874
36789,0.3413310804974264
36790,0.6393994638286022
36791,0.4866426756548462
36792,0.4937752304173726
36793,0.30289226871310426
36794,0.6593389567107248
36795,0.26194999992214735
36796,0.6653544058711771
36797,0.46069059667674134
36798,0.43840462721633205
36799,0.2705998060348403
36800,0.2293310293977474
36801,0.3893731992112352
36802,0.782440333999471
36803,0.2775263142121068
36804,0.5121272588544403
36805,0.3623236130856732
36806,0.5753498405786804
36807,0.6882643853458766
36808,0.4234426796751974
36809,0.2103798100109209
36810,0.6067368634588609
36811,0.6262199590604374
36812,0.5239086757562538
36813,0.44545575996923464
36814,0.44565991136061406
36815,0.5320540906333987
36816,0.5502031519283467
36817,0.2631173493656381
36818,0.22875330850307202
36819,0.5579351344663135
36820,0.4086112965371631
36821,0.23726463946685653
36822,0.6441264717165138
36823,0.6148725994068108
36824,0.3683003347840304
36825,0.4217768440234662
36826,0.32140384498697705
36827,0.5173529525785204
36828,0.4367839465399642
36829,0.33811949289293075
36830,0.49976055185729956
36831,0.8148888328890607
36832,0.6662182083224641
36833,0.6369922010572918
36834,0.6508741064781629
36835,0.4752018168107349
36836,0.5385559722750697
36837,0.6906036200326533
36838,0.368705815124399
36839,0.6131475908283942
36840,0.44999453420445323
36841,0.5190332789851335
36842,0.38733275696599495
36843,0.6729424078817683
36844,0.33903665138572187
36845,0.3072066681805322
36846,0.341644576062455
36847,0.43174821203112124
36848,0.5045687971377958
36849,0.5309309879243677
36850,0.5635024758029847
36851,0.27937512656965907
36852,0.5774085545583433
36853,0.35035499547461607
36854,0.4098716137622542
36855,0.35149198180656216
36856,0.42411299209397574
36857,0.6996784745153669
36858,0.6651685844518502
36859,0.2745373193168745
36860,0.6928203634023281
36861,0.589908327845203
36862,0.830304308343245
36863,0.5479037578123567
36864,0.6852061749151107
36865,0.2669484395265769
36866,0.46489829000492716
36867,0.4871868864067744
36868,0.39435980294404044
36869,0.7371590389466397
36870,0.33681864612903334
36871,0.744352364791479
36872,0.4033894142058668
36873,0.3404762797039555
36874,0.7118230332343064
36875,0.6016925900480418
36876,0.4966438165099544
36877,0.37917122939126785
36878,0.3355426500220749
36879,0.3534614866214964
36880,0.6419451680128753
36881,0.40460119146911794
36882,0.600299226656645
36883,0.2636545805001621
36884,0.7808487069314991
36885,0.40126842911905597
36886,0.3400502267132472
36887,0.5137533036971651
36888,0.30671929825125543
36889,0.3103006430946961
36890,0.31452665294534055
36891,0.22894721872298712
36892,0.6801012791090808
36893,0.3455527665216869
36894,0.6431750696601191
36895,0.7912877858787375
36896,0.7506139328544215
36897,0.9681369171298286
36898,0.7774949489083344
36899,0.8483029244267323
36900,0.922691080235726
36901,0.8164263380575678
36902,0.7243701840861035
36903,0.5381480160195015
36904,0.630579308789625
36905,0.7626125653345179
36906,0.38983356127224367
36907,0.5519161241433607
36908,0.8937341530175728
36909,0.6399616094276498
36910,0.49480303268004033
36911,0.8476243422157492
36912,0.7332287392353035
36913,0.8196160899867282
36914,0.753971011464259
36915,0.628609277367604
36916,0.5631292842572285
36917,0.615572927380156
36918,0.6326795941103978
36919,0.866270703024551
36920,0.8824755668493124
36921,0.6317251328983162
36922,0.6946220748989841
36923,0.6314633915654049
36924,0.7548828816137569
36925,0.40521162098850255
36926,0.7059178153946118
36927,0.7059117353877316
36928,0.6444461811484384
36929,0.5523218910355591
36930,0.4216131168359701
36931,0.799053781673665
36932,0.9190519147766568
36933,0.7737240689932825
36934,0.5104069798879658
36935,0.7136944725624887
36936,0.7563761746863346
36937,0.6434965086165492
36938,0.8761049635942094
36939,0.419585787664217
36940,0.7999710564621829
36941,0.7445481340046732
36942,0.6064820844002354
36943,0.83675445913681
36944,0.5689918771318857
36945,0.55891880683352
36946,0.4987806385376207
36947,0.7978713131951363
36948,0.4494756035767306
36949,0.46293628336020065
36950,0.34341970031159547
36951,0.8683430079441321
36952,0.936417327617181
36953,0.38086679228332754
36954,0.6512231937724904
36955,0.8143907945191149
36956,0.47291206900662486
36957,0.558577538278664
36958,0.6194403433543699
36959,0.43814228992823123
36960,0.5851366100634217
36961,0.2751686400112919
36962,0.3425887034757393
36963,0.2875382593366978
36964,0.5044813274563776
36965,0.3457652027716485
36966,0.5919342148820682
36967,0.3306195896328752
36968,0.62720696595839
36969,0.7559692711539977
36970,0.286998582188918
36971,0.6727326103394824
36972,0.3132968011535779
36973,0.5701719715109392
36974,0.7462959992950643
36975,0.18384511947711601
36976,0.42245661045440547
36977,0.34064063109131115
36978,0.34322043431174565
36979,0.3800007973981413
36980,0.57058980417979
36981,0.2952821771951265
36982,0.5889374769236546
36983,0.3423880434228453
36984,0.5241984845109181
36985,0.36842263016831217
36986,0.5953998442228768
36987,0.5183952026345381
36988,0.2774702635784323
36989,0.6274356151901331
36990,0.6077311331977991
36991,0.620610894456583
36992,0.24185465092994293
36993,0.6986245304672444
36994,0.35162069995858647
36995,0.6650909129341036
36996,0.32723032064093693
36997,0.769929295444564
36998,0.6022333809502266
36999,0.678943018825319
37000,0.5737404152826812
37001,0.3241454445309558
37002,0.5848466283293171
37003,0.5901612350247077
37004,0.6387174897245055
37005,0.5130525297655147
37006,0.3011197872240466
37007,0.6405452061336977
37008,0.28413512905914
37009,0.5381047857068817
37010,0.6655738005327855
37011,0.782394774704116
37012,0.3169997907469399
37013,0.5314830760739733
37014,0.809145014767159
37015,0.2615036369609572
37016,0.3653966819075384
37017,0.288614591645874
37018,0.7255861513929506
37019,0.5556080888542061
37020,0.5048062769391213
37021,0.446997750538743
37022,0.6720670182786559
37023,0.2556693062427771
37024,0.24145557590013353
37025,0.3229027153741579
37026,0.363898980061507
37027,0.4479753867311355
37028,0.6640393445980358
37029,0.49919561352286274
37030,0.28980902102551487
37031,0.4429513687937885
37032,0.36443235605145613
37033,0.7016969483650093
37034,0.7449068633728748
37035,0.36878890788826146
37036,0.39608461817226315
37037,0.7001933470514744
37038,0.4468398146246423
37039,0.4396491539280525
37040,0.32957762504585625
37041,0.6112712880790876
37042,0.5843462754839565
37043,0.5928837513453458
37044,0.576674491627268
37045,0.5533893960453393
37046,0.44735834544212577
37047,0.31733953662175
37048,0.33334963031950565
37049,0.7142624837314734
37050,0.7095337457628418
37051,0.6296921219520499
37052,0.8000441817270091
37053,0.6300576844918099
37054,0.2406727046574627
37055,0.21879296641745438
37056,0.31998477557474475
37057,0.4112616287974282
37058,0.5422493844133626
37059,0.5309745192384309
37060,0.6665315694833276
37061,0.6087826223448368
37062,0.5217835006135766
37063,0.5981628020294489
37064,0.5758400754303793
37065,0.44075921974437204
37066,0.305641859755399
37067,0.5651512615070794
37068,0.4320380069146061
37069,0.5791145897669134
37070,0.38190923431743506
37071,0.5637053466533423
37072,0.3456202521349256
37073,0.2616787822977022
37074,0.6305355262232609
37075,0.3386849139377612
37076,0.29202247416696414
37077,0.31661073519139304
37078,0.6931576996869417
37079,0.7223240351227372
37080,0.30118964198161013
37081,0.39929297919652185
37082,0.4796664107840137
37083,0.21746441786948248
37084,0.33612652188236936
37085,0.5703804896641714
37086,0.3466056156753159
37087,0.40587676915331083
37088,0.2703852596511609
37089,0.44306758183058503
37090,0.6308948199311643
37091,0.3069130623776649
37092,0.33148239135307483
37093,0.6902704102261277
37094,0.3457934393801662
37095,0.673008902171658
37096,0.2998554581157823
37097,0.4388420856660646
37098,0.29480204170387336
37099,0.5319330078087735
37100,0.5069530137771486
37101,0.40307878360476523
37102,0.3481749200894634
37103,0.4930105180439592
37104,0.5053844733633299
37105,0.6843348438018467
37106,0.4409683535921897
37107,0.7680862934067091
37108,0.33676398691400866
37109,0.26297533349049346
37110,0.41868336884338975
37111,0.33238445055245597
37112,0.657883015573361
37113,0.31448758953625067
37114,0.5540198546178334
37115,0.5000564430995146
37116,0.4803099339681026
37117,0.4932342179162001
37118,0.45933516417244424
37119,0.6301442317704034
37120,0.321158781764485
37121,0.5089059646549439
37122,0.47600765402099093
37123,0.5307367009443428
37124,0.5001371718967969
37125,0.6130517558041053
37126,0.440514815039869
37127,0.3368471283615992
37128,0.5222171051524235
37129,0.2646082880152707
37130,0.7090762523447756
37131,0.4987595996043518
37132,0.49729924970776124
37133,0.6437571441695205
37134,0.4212489052970942
37135,0.821141122156908
37136,0.46672468747002627
37137,0.4852258011142199
37138,0.5942332691423762
37139,0.490092309512072
37140,0.8051349596975728
37141,0.7120298829197829
37142,0.3367900051053453
37143,0.39017067971705605
37144,0.3481735475142273
37145,0.5124128704008805
37146,0.5149181700759915
37147,0.5755116078199346
37148,0.3769875187713173
37149,0.37611270733644925
37150,0.24371183669571794
37151,0.3244924097522495
37152,0.13129195056425605
37153,0.27905046489745977
37154,0.36989739334934596
37155,0.2830693094666713
37156,0.46406060556930034
37157,0.5587530447252215
37158,0.568536135472816
37159,0.3331056533304602
37160,0.35338796449914917
37161,0.38080958971911555
37162,0.27653778572058146
37163,0.4505606187428004
37164,0.331998747713776
37165,0.7417128396201744
37166,0.2868964850747944
37167,0.6467792722740778
37168,0.3941610489070837
37169,0.7036051780939839
37170,0.7074981610450692
37171,0.439139195544553
37172,0.3482959528608972
37173,0.5802577427014162
37174,0.6574211336697439
37175,0.5911604365209117
37176,0.8050326096816668
37177,0.5076739100124541
37178,0.6518670095510402
37179,0.31703026135200846
37180,0.45359119776390794
37181,0.33423909379455746
37182,0.5562850309592717
37183,0.33395957921213354
37184,0.39526375006055187
37185,0.2411843163638076
37186,0.4084806101039091
37187,0.4666897618943446
37188,0.4760352535375456
37189,0.3423645276091799
37190,0.5330458497708166
37191,0.44928767890449767
37192,0.2920749510620562
37193,0.36317870599014784
37194,0.3374911823907828
37195,0.43449570421859757
37196,0.28094937052624736
37197,0.2625423476906964
37198,0.5630842789063053
37199,0.4865738279412844
37200,0.4316794451295905
37201,0.5969817088586762
37202,0.25276418240891113
37203,0.5976594801598628
37204,0.26933218298810496
37205,0.19162679915536565
37206,0.577596376431996
37207,0.4341134115939088
37208,0.7935198883434865
37209,0.2745669621395365
37210,0.5440521995339938
37211,0.6841273327099163
37212,0.4600162094625976
37213,0.7143103209616729
37214,0.40436299365219563
37215,0.6010484300044736
37216,0.6310273455341359
37217,0.248863682984152
37218,0.5586495824672886
37219,0.48851828416577664
37220,0.41930585969893147
37221,0.3241038547822959
37222,0.3723911021760722
37223,0.2823102431856556
37224,0.360015488293344
37225,0.8172881413868258
37226,0.3009869656145006
37227,0.40708294580483406
37228,0.6602637932705802
37229,0.40753217887241144
37230,0.4492570985040361
37231,0.49998980461855086
37232,0.2880799408807956
37233,0.4341158046778854
37234,0.5523517334923805
37235,0.5981837798259699
37236,0.6986161602996361
37237,0.5699084957665428
37238,0.7067738058767918
37239,0.43077645694577316
37240,0.3636914091799487
37241,0.5092817069203744
37242,0.3146555306796962
37243,0.6973858736714409
37244,0.4955956270694917
37245,0.24566481852431643
37246,0.5632647548819025
37247,0.3029711026019426
37248,0.6168170026324709
37249,0.2973783887779364
37250,0.5528241641410403
37251,0.6763050725086921
37252,0.39420097456360914
37253,0.40806513331726496
37254,0.2990381192647628
37255,0.3772600419308234
37256,0.32246282490915484
37257,0.2731035278351725
37258,0.62295635757825
37259,0.6077820615778112
37260,0.6249419328725632
37261,0.2979666904470933
37262,0.5916812714670927
37263,0.25494947214457747
37264,0.2232716986946358
37265,0.19536316653177793
37266,0.1954359574505738
37267,0.4176568896665204
37268,0.3882649141901379
37269,0.7199306324504972
37270,0.26788892431564254
37271,0.46109630051995165
37272,0.4412872562975152
37273,0.28271456459811234
37274,0.506439485776205
37275,0.6140502061916246
37276,0.31335861204428517
37277,0.5818380107654784
37278,0.30989005571317785
37279,0.48172630078936246
37280,0.6230490802923995
37281,0.7861263936745867
37282,0.4940531246110386
37283,0.22579040824455612
37284,0.31116980120764054
37285,0.2855886297431371
37286,0.6387264316932089
37287,0.22769725025594859
37288,0.19769658644978025
37289,0.6410343822168617
37290,0.6169963633921505
37291,0.426522346549719
37292,0.5162704090947885
37293,0.762432061452491
37294,0.5320491810007013
37295,0.2781227403158507
37296,0.2669434195693713
37297,0.5754453276460153
37298,0.47088065083520264
37299,0.46611424991600564
37300,0.4702902657405468
37301,0.6618257887229516
37302,0.3842517182383094
37303,0.2985559408011968
37304,0.7773272195114397
37305,0.44856362837867236
37306,0.6994342774795227
37307,0.42888128755677274
37308,0.6445460040997577
37309,0.3228960144280272
37310,0.2713154185779033
37311,0.6646213227200092
37312,0.5892443702912935
37313,0.15725143891351354
37314,0.43695200837929166
37315,0.4146758231529593
37316,0.3380182637720998
37317,0.21394118621807448
37318,0.3387137903274884
37319,0.2850742008652894
37320,0.21011000722344467
37321,0.2431311783203878
37322,0.4350796086319894
37323,0.5649841321704188
37324,0.6234766881046945
37325,0.6522283165661444
37326,0.5697640600348204
37327,0.5406885259865251
37328,0.7308506280924615
37329,0.5488465950134405
37330,0.7356806709149155
37331,0.6882997518382232
37332,0.38587070052605227
37333,0.5014687814701733
37334,0.6717598455588107
37335,0.36306264628254675
37336,0.5688906050002221
37337,0.510747706978198
37338,0.7250123107596432
37339,0.25316285327185256
37340,0.31484897167510545
37341,0.4526136102273182
37342,0.7704436313497947
37343,0.5252727232762072
37344,0.6468268768228062
37345,0.36639289658354807
37346,0.6720505277072442
37347,0.922504014820566
37348,0.48257608791027523
37349,0.5737503620977906
37350,0.4072006215865332
37351,0.738358982889314
37352,0.8057231199890749
37353,0.44285804892795544
37354,0.6366710575064419
37355,0.3995983926697292
37356,0.41688568156018413
37357,0.622548534946673
37358,0.5127762972243213
37359,0.3348147284806297
37360,0.5423469600135798
37361,0.4518942704798405
37362,0.7759567953586547
37363,0.32523499260398236
37364,0.45345372911604326
37365,0.554774129376063
37366,0.30300967502233733
37367,0.30342874796688685
37368,0.465774272122834
37369,0.6477524533561149
37370,0.38159585167291926
37371,0.6868081482006068
37372,0.41367916943174393
37373,0.6252411346519884
37374,0.3149177640160634
37375,0.33435312547594354
37376,0.5227368114178415
37377,0.2848553156103418
37378,0.6243962121158065
37379,0.6024553444814924
37380,0.5454832187958859
37381,0.69292951808154
37382,0.5729377550361953
37383,0.4310242402901778
37384,0.4837019227251867
37385,0.5832001621904146
37386,0.29477590151186384
37387,0.26607738191628416
37388,0.2676460420605916
37389,0.5573442072814565
37390,0.776399356637088
37391,0.5462431317349008
37392,0.887910208991927
37393,0.6213928879115275
37394,0.8183321117184768
37395,0.6987938558820143
37396,0.6606421653139755
37397,0.8387529019444556
37398,0.8255633349972296
37399,0.6288616997584956
37400,0.8480895769226442
37401,0.8863704842385959
37402,0.8562846096882998
37403,0.9427016173321361
37404,0.8130190628799071
37405,0.5498487863192038
37406,0.8026256394842847
37407,0.8065432442541252
37408,0.6861996010655548
37409,0.8803771980152478
37410,0.7957918037677677
37411,0.8723711089052072
37412,0.6802928187765723
37413,0.7001815771214736
37414,0.6221172261992091
37415,0.36714415656724025
37416,0.5855494494291789
37417,0.6691728037068593
37418,0.7839882940659884
37419,0.8447102255285445
37420,0.7734806299471663
37421,0.6779465125473451
37422,0.6165899318711842
37423,0.601884812273532
37424,0.8372828691523413
37425,0.30802983339263473
37426,0.8539675820375366
37427,0.8480970812095767
37428,0.725936421312769
37429,0.7414176710069766
37430,0.6755582091913062
37431,0.8162825742875086
37432,0.48952892671261006
37433,0.7300131903372661
37434,0.5602051050626173
37435,0.47196041192148974
37436,0.7489607928712937
37437,0.5072799396174308
37438,0.32243698648177793
37439,0.30624261157832633
37440,0.8479667166813887
37441,0.748286671978269
37442,0.8309380828375176
37443,0.5602500506310353
37444,0.684255351644481
37445,0.6755585173564653
37446,0.36726721537246065
37447,0.5156893698409026
37448,0.65850224555094
37449,0.6531679538492515
37450,0.706717625116828
37451,0.5729306423262893
37452,0.8018931754587217
37453,0.6876940683142647
37454,0.7059038192933054
37455,0.6275346767876426
37456,0.8450720792940066
37457,0.816855426317948
37458,0.5939674887116156
37459,0.5329523458806656
37460,0.447839597456159
37461,0.7497998768075166
37462,0.6806673636683344
37463,0.8057847190595799
37464,0.36459195563980973
37465,0.41592724892581096
37466,0.3611651613678295
37467,0.31586132573057424
37468,0.47825752806702615
37469,0.45476831410554763
37470,0.325007348310662
37471,0.3828182601009086
37472,0.4612111278887329
37473,0.42180627398646314
37474,0.698055627574521
37475,0.5141695459236908
37476,0.5457860442621039
37477,0.3026519910607954
37478,0.2465347698848173
37479,0.7612742396054424
37480,0.36395701729444846
37481,0.7721683672100998
37482,0.750797241023007
37483,0.6110449367100464
37484,0.5104271901958743
37485,0.6686235955982244
37486,0.3072945736512932
37487,0.3488319147238127
37488,0.8145614176067136
37489,0.5082273169407435
37490,0.3484902689537782
37491,0.6700125858014644
37492,0.7011889543668652
37493,0.3192042851765045
37494,0.7056235595116308
37495,0.3561315246219491
37496,0.6552935405211447
37497,0.43377361845872897
37498,0.3560551205400052
37499,0.27432337096591514
37500,0.3019532445036729
37501,0.48881352048828924
37502,0.29440551879219196
37503,0.5649841591712476
37504,0.49094367488185664
37505,0.34483510843663506
37506,0.21133003932625272
37507,0.27518036688210706
37508,0.46202507609583854
37509,0.5772867919813818
37510,0.48177384959800634
37511,0.47569528556903284
37512,0.4516525793766943
37513,0.4588324434125382
37514,0.5867646148351803
37515,0.36689584461097213
37516,0.6413753877713338
37517,0.31313713265531384
37518,0.4180420530788201
37519,0.6660438404458825
37520,0.3955759028503322
37521,0.5243561872624406
37522,0.4358038937482095
37523,0.6258119089763464
37524,0.3119773905317118
37525,0.36401268877905324
37526,0.3507561696092683
37527,0.29323616679553965
37528,0.3255965330780547
37529,0.6066168015184086
37530,0.6618700484608775
37531,0.32476693442194343
37532,0.571138496502411
37533,0.41030401451810106
37534,0.49812180836063863
37535,0.36946005317873937
37536,0.3445592767432397
37537,0.5062728441821969
37538,0.37708377508458485
37539,0.48288269732395295
37540,0.7087732709342355
37541,0.3207931505080401
37542,0.2993896293861377
37543,0.19147396240977216
37544,0.691221441849271
37545,0.3680765045859271
37546,0.4727716817633421
37547,0.18808978429130757
37548,0.4355640688510362
37549,0.4681210693450029
37550,0.553160389888749
37551,0.7220383653547262
37552,0.34582488447885057
37553,0.7090442885433718
37554,0.542067596379857
37555,0.6422866126037233
37556,0.5994716853529501
37557,0.6674575724885358
37558,0.4522170395572215
37559,0.2945222805122262
37560,0.28085398864622546
37561,0.3025985098661023
37562,0.2710637628429046
37563,0.23482846192299242
37564,0.2987105615045549
37565,0.27788195917122177
37566,0.5003606218488169
37567,0.5766796007899743
37568,0.400868053529092
37569,0.5329450142643952
37570,0.3727764065028891
37571,0.42413098292257423
37572,0.3667507153278049
37573,0.7189605547838515
37574,0.5449791194963544
37575,0.49351208956683945
37576,0.7161887972571811
37577,0.44601404353211643
37578,0.38798150805282006
37579,0.2669336446574903
37580,0.5912548911724117
37581,0.7684984521407209
37582,0.6901672616118963
37583,0.3767166622370168
37584,0.49180685298925064
37585,0.42119895706879507
37586,0.4835905182916963
37587,0.4077877422131774
37588,0.5204469230184899
37589,0.6745049032572995
37590,0.6718550600979275
37591,0.6950177114875424
37592,0.47642803068564327
37593,0.42327329643628225
37594,0.31995692805002246
37595,0.36711668542114373
37596,0.5356995957931413
37597,0.25084691086164757
37598,0.3520776583511276
37599,0.42213443148079915
37600,0.5793646299065813
37601,0.30585947883583
37602,0.7431606216019919
37603,0.5351016531024931
37604,0.43653603813617514
37605,0.19887836159930342
37606,0.30309229859419534
37607,0.40118036307036925
37608,0.43652089295313196
37609,0.48178721475245817
37610,0.34573065395461894
37611,0.657679613996682
37612,0.4179949935303049
37613,0.3560005218816215
37614,0.4766308048543946
37615,0.3178098372145961
37616,0.7178031471657514
37617,0.6629809447103993
37618,0.5396091425038552
37619,0.5735765591234793
37620,0.5327799864957087
37621,0.7531105954853259
37622,0.6186834860516558
37623,0.3217440548174705
37624,0.5793279392168621
37625,0.6446179419720777
37626,0.6420831065172122
37627,0.26779227385188836
37628,0.5008285150766526
37629,0.24687716371135374
37630,0.5652508829567454
37631,0.5878624952579772
37632,0.6726208093319139
37633,0.5651562676374676
37634,0.32970870769978167
37635,0.3212569904483782
37636,0.2722124148119642
37637,0.26846650369909897
37638,0.34093860798065617
37639,0.4343407486728797
37640,0.6364091351369714
37641,0.718391399125707
37642,0.3156524223930637
37643,0.3381405179841552
37644,0.35101266176016954
37645,0.6832670979617544
37646,0.6016318730800093
37647,0.8218636853794866
37648,0.20198043146539404
37649,0.2587190335597088
37650,0.5139229929827775
37651,0.34760758415456167
37652,0.5656243865667794
37653,0.29574597182337475
37654,0.46478943614392226
37655,0.6788766071976008
37656,0.49995699383651926
37657,0.482406424348464
37658,0.665648858790664
37659,0.2849829814151715
37660,0.29632953442653553
37661,0.3282635205207612
37662,0.5809468089817399
37663,0.6666076745635097
37664,0.5393742306127634
37665,0.4056087742038492
37666,0.2677858311810137
37667,0.44679616300071695
37668,0.26290591252021306
37669,0.5665179753935955
37670,0.38949608156370974
37671,0.5410877369055546
37672,0.391446039806847
37673,0.5378382874192289
37674,0.6133677992737093
37675,0.34371210042586753
37676,0.5231672984192844
37677,0.4466934230292642
37678,0.41005466688197906
37679,0.45754568397140144
37680,0.656527927997776
37681,0.361516151077689
37682,0.4849678595805994
37683,0.40151564543745755
37684,0.24766287180797875
37685,0.7848841088136889
37686,0.6944619370988158
37687,0.3861665770380472
37688,0.30818131932734466
37689,0.2710810181684268
37690,0.3553877559098425
37691,0.5686169004159419
37692,0.5389462478461224
37693,0.8009471894042041
37694,0.6373792308598185
37695,0.34611584266833423
37696,0.3180028208988019
37697,0.3995676956175408
37698,0.2182432930963132
37699,0.5200405424094513
37700,0.7778648830377981
37701,0.5251155734268583
37702,0.5076072092177468
37703,0.3787333704579134
37704,0.47465312083350636
37705,0.6071724639766641
37706,0.25446268560872254
37707,0.4005548409497208
37708,0.5576499617964258
37709,0.4329983498935297
37710,0.5944354887809647
37711,0.30043622203381865
37712,0.6235217221482314
37713,0.7359961999401864
37714,0.28619627388945057
37715,0.1647906217060011
37716,0.27908546303752785
37717,0.32640538736493296
37718,0.39295256676000606
37719,0.39633039774988166
37720,0.30052597262074526
37721,0.5563163705871879
37722,0.5077307170775072
37723,0.32441164412851503
37724,0.7800783749070704
37725,0.41670155077312543
37726,0.3687472947494864
37727,0.29399257265982115
37728,0.30680863818200665
37729,0.44342306740141574
37730,0.38047787569813685
37731,0.2968276785078496
37732,0.31870998840648923
37733,0.28036971245501363
37734,0.4132997389705472
37735,0.26737984754559974
37736,0.7676284046949557
37737,0.6708187447593382
37738,0.5583467976207586
37739,0.31241397296940027
37740,0.6052569183089026
37741,0.3449937623288549
37742,0.6591752416447874
37743,0.7725619085403809
37744,0.643619137659578
37745,0.6958322913505285
37746,0.949971458848501
37747,0.3360416933722269
37748,0.7529718350375437
37749,0.753283031736182
37750,0.7570332424464392
37751,0.37302226212553824
37752,0.4907884591491601
37753,0.7341710591684015
37754,0.6483526364798847
37755,0.5317610880503921
37756,0.3727667636721002
37757,0.4259078288209026
37758,0.3614897807378829
37759,0.7103967291190448
37760,0.4864557051688542
37761,0.5935559601245867
37762,0.2829975351329742
37763,0.3868362119011661
37764,0.4935462618295198
37765,0.38307688326529143
37766,0.39900152484636076
37767,0.6549435352681614
37768,0.5141932790346941
37769,0.5263574987252448
37770,0.6745903377308557
37771,0.9107466828528032
37772,0.7695034922971563
37773,0.8913822918583966
37774,0.8739136900823599
37775,0.7378865301176226
37776,0.5328567740518123
37777,0.7730013167223099
37778,0.4833769045969601
37779,0.5040371470644056
37780,0.5096425954001943
37781,0.5660822130494265
37782,0.8504095119413674
37783,0.649992510663639
37784,0.6508908326109105
37785,0.8439623737235804
37786,0.4570887956519931
37787,0.8236211964870909
37788,0.504052247191018
37789,0.8440715402887582
37790,0.8676121424163975
37791,0.8223274137434515
37792,0.8111394264645632
37793,0.9017240204730234
37794,0.761638481374843
37795,0.6773179390505193
37796,0.8103199729853369
37797,0.7743863344987716
37798,0.6038738168089737
37799,0.6918342090065647
37800,0.5883245906080701
37801,0.44526332073630276
37802,0.8286901692845744
37803,0.4508297579435358
37804,0.5494844916475036
37805,0.5989839408438216
37806,0.773456079918555
37807,0.42573573737971404
37808,0.5175517066809302
37809,0.8181726118671739
37810,0.4998428122620761
37811,0.5072845825556699
37812,0.8480788070209586
37813,0.8765496231950626
37814,0.7964374214083316
37815,0.4889045722313554
37816,0.418313454041941
37817,0.7709001840077644
37818,0.6216014245856603
37819,0.6937922358969992
37820,0.6780392630088791
37821,0.7051572801588094
37822,0.32793924893981974
37823,0.5769669267986753
37824,0.4537595535300446
37825,0.46331008879171776
37826,0.3423496102140052
37827,0.3347616003815526
37828,0.6554996661182224
37829,0.7161350477656463
37830,0.5817543905280008
37831,0.4761014031511615
37832,0.5151289179919456
37833,0.3908179467027225
37834,0.2355012096680276
37835,0.6484031184482052
37836,0.41672174453469335
37837,0.30469144555892475
37838,0.5724072710429637
37839,0.30322896402708077
37840,0.4825546161738405
37841,0.628443108221852
37842,0.2731426127207839
37843,0.36551785210001186
37844,0.3541236466366833
37845,0.25557834778927646
37846,0.2515243206833199
37847,0.7132891697494332
37848,0.7090404559038532
37849,0.6698557919063393
37850,0.6102203513076777
37851,0.7531128435012413
37852,0.28543346865425834
37853,0.4144009755588201
37854,0.26561873964800564
37855,0.4068042636956446
37856,0.42884894089937015
37857,0.4804458185831582
37858,0.3636878493774543
37859,0.44427024151849576
37860,0.5644406437952475
37861,0.7025124201088444
37862,0.29466042432910866
37863,0.6169793309412179
37864,0.4555940625101676
37865,0.468767244276643
37866,0.46618616640079763
37867,0.29945025276380277
37868,0.29675469823233275
37869,0.3809257446158531
37870,0.7063817308244942
37871,0.3145948494697375
37872,0.3520580758765743
37873,0.7173652425319506
37874,0.3639536485984263
37875,0.3404100578538299
37876,0.48704118392570755
37877,0.2872661891990745
37878,0.3258866772048314
37879,0.6931070423405554
37880,0.7229118088454936
37881,0.3353436840831275
37882,0.27990746934947064
37883,0.5181022109696253
37884,0.5635732786160453
37885,0.243947818518294
37886,0.39259238866310225
37887,0.657635919873197
37888,0.2528534916330258
37889,0.38825279058596496
37890,0.5282793089243891
37891,0.3665521593661087
37892,0.3251180385992841
37893,0.5943281022491564
37894,0.3413391255308032
37895,0.38977294663699674
37896,0.3550178364577212
37897,0.29346516385836063
37898,0.2837199396034334
37899,0.5538940484113837
37900,0.649716190954678
37901,0.3515232846994824
37902,0.39916165298794737
37903,0.6288735880285984
37904,0.6778795525641892
37905,0.2637966904133514
37906,0.2393938101816846
37907,0.2956873270633765
37908,0.6742122244759775
37909,0.6949221859230935
37910,0.9153666178968581
37911,0.4887310486445869
37912,0.2051392560315953
37913,0.24860437001297284
37914,0.7562340597261581
37915,0.35229731872358505
37916,0.26676274308574477
37917,0.3737130565839199
37918,0.29719075815333884
37919,0.7433763010371655
37920,0.5080308158556889
37921,0.42484740045405994
37922,0.8388669295014324
37923,0.26547750628309735
37924,0.5516987715500354
37925,0.43434856525554827
37926,0.8108605585358702
37927,0.2612157418735621
37928,0.38757444791872153
37929,0.241989446577297
37930,0.2760837288165548
37931,0.26602682632698504
37932,0.4686001590385694
37933,0.7880153641143675
37934,0.6155868883440185
37935,0.5179651408531754
37936,0.1892962005328932
37937,0.5989909758582973
37938,0.6659753859421845
37939,0.32203826570348815
37940,0.5675297613982772
37941,0.523189047436592
37942,0.4753634221392646
37943,0.678307363629761
37944,0.4500597254327268
37945,0.39932783391160104
37946,0.30421367342928884
37947,0.6259347034163218
37948,0.44315606435837585
37949,0.3088413043110427
37950,0.3011527903321928
37951,0.2210729323611033
37952,0.2669031274280884
37953,0.34969235375818497
37954,0.2168920300083442
37955,0.690929229540199
37956,0.29045349894818057
37957,0.5935436213440686
37958,0.34934713831938885
37959,0.7031078566692724
37960,0.4143234690360903
37961,0.6099514514035896
37962,0.30175453013266307
37963,0.3252816047544861
37964,0.3577667092420349
37965,0.44836536679157774
37966,0.4513881202465857
37967,0.3732363439085198
37968,0.3800847590687711
37969,0.6082724507392493
37970,0.6031183685370027
37971,0.6311345433613391
37972,0.5543504515619159
37973,0.5376909727518413
37974,0.6416446912636148
37975,0.4299312259805063
37976,0.5406524437198333
37977,0.35417700459415513
37978,0.2818967893879963
37979,0.42410909143327696
37980,0.30968350356921187
37981,0.5520428976282451
37982,0.1754413522361761
37983,0.42306915953046037
37984,0.2017800630073845
37985,0.429461912594401
37986,0.6174480425701739
37987,0.43521521585564465
37988,0.6739763465113888
37989,0.7300214582076757
37990,0.897690227647807
37991,0.5781900824334424
37992,0.4164348605757812
37993,0.5588095582170698
37994,0.4290946449589598
37995,0.3424842779597911
37996,0.4178804382831565
37997,0.73272716972343
37998,0.46261553798275046
37999,0.17711687828359327
38000,0.2428086540668871
38001,0.26749413396265
38002,0.2834256765167234
38003,0.2698147926980635
38004,0.3895815063484354
38005,0.7385075411396522
38006,0.42987916629219597
38007,0.4112489789539796
38008,0.5568306695850467
38009,0.42546811728364436
38010,0.45174111742393286
38011,0.2706543056837282
38012,0.7108689362767215
38013,0.3545135946100405
38014,0.3234407561639796
38015,0.5262819420503013
38016,0.6772437097612011
38017,0.3060607663753163
38018,0.18741086265610207
38019,0.48996221179742794
38020,0.7862824994216219
38021,0.6420728409765284
38022,0.4287327974526137
38023,0.3094079995570049
38024,0.426876464728523
38025,0.5049531260778349
38026,0.6378132734690537
38027,0.5077185217937078
38028,0.5338323355563674
38029,0.6039388356545836
38030,0.7432772986167039
38031,0.5759878027743985
38032,0.5620343562153501
38033,0.7742286052694242
38034,0.7221591363919272
38035,0.5199692992063852
38036,0.32912856875562735
38037,0.606960139966502
38038,0.7029784101409794
38039,0.3154651744307147
38040,0.6757369858319204
38041,0.7283586396814566
38042,0.27530008457818783
38043,0.31767626944138105
38044,0.6866042763441689
38045,0.3334276020610285
38046,0.554335424649279
38047,0.6106853521717218
38048,0.526816336009143
38049,0.2665684686331612
38050,0.656246303504807
38051,0.29732134879381467
38052,0.20108801478926838
38053,0.24456617204511924
38054,0.6567491438286278
38055,0.5146837712877995
38056,0.3458511818891382
38057,0.2857122798010183
38058,0.34408151613416565
38059,0.8306363772743434
38060,0.5058518650654467
38061,0.340047026963262
38062,0.24556104054083977
38063,0.5456589500311223
38064,0.7949464047121023
38065,0.6261428550523794
38066,0.3434378402955336
38067,0.35130383693756045
38068,0.7670617261621655
38069,0.4469577307718796
38070,0.5594786007096286
38071,0.28174485315973186
38072,0.12608459570003877
38073,0.4699761486632835
38074,0.5350400171586134
38075,0.5391458828678076
38076,0.6996953723851185
38077,0.3524670417505554
38078,0.4282939181424658
38079,0.2569454971546151
38080,0.3942815124022219
38081,0.5584243012937743
38082,0.42115379790341
38083,0.5909963643852483
38084,0.32756736688290916
38085,0.48992443349361703
38086,0.4475176730941852
38087,0.6672303201043372
38088,0.6916301450586031
38089,0.4069015990514379
38090,0.6235285293847791
38091,0.33764372239711166
38092,0.4555447852566403
38093,0.652230195618001
38094,0.5456075956456575
38095,0.463433890574335
38096,0.26079047314938925
38097,0.42755025715947764
38098,0.3508447457714616
38099,0.36775766498253354
38100,0.5510084883193476
38101,0.33043163550260773
38102,0.5074987153160878
38103,0.3270444680484382
38104,0.27644619471255966
38105,0.45605432597784457
38106,0.38196202003549257
38107,0.5777948196308834
38108,0.25742823656082287
38109,0.4613773195442035
38110,0.341037031199595
38111,0.6707155108664054
38112,0.17833654548817746
38113,0.5648563681628649
38114,0.4232160799974944
38115,0.855476973576799
38116,0.6649117193481356
38117,0.37509577773786146
38118,0.2633226939042293
38119,0.22926827723314827
38120,0.5171110042722363
38121,0.2516926875360545
38122,0.37153356806652427
38123,0.3290896306497506
38124,0.5359108918829618
38125,0.32721002422301687
38126,0.34397657192200753
38127,0.3237419853688581
38128,0.6535831976400628
38129,0.6019612698005672
38130,0.41276835543323115
38131,0.29231439372006934
38132,0.27139154467986015
38133,0.39356688276876534
38134,0.32438705630477077
38135,0.25215499979040695
38136,0.5199790799926471
38137,0.316416248151207
38138,0.13972108390503757
38139,0.6448911422769932
38140,0.2947711074149357
38141,0.383095688024712
38142,0.28714747962168297
38143,0.5230977663561771
38144,0.7013140659319435
38145,0.33028662311101276
38146,0.6587329483888874
38147,0.5583796446134169
38148,0.3692323015807653
38149,0.3014219990083653
38150,0.32838397746348097
38151,0.23800890339146352
38152,0.43219513298146317
38153,0.49809194494795955
38154,0.6996719040929679
38155,0.30493230954923356
38156,0.7323338214258811
38157,0.33320128816634037
38158,0.23669249505910012
38159,0.5580209046367864
38160,0.4670233660583278
38161,0.5719171486915255
38162,0.6826400754706724
38163,0.4531092981558232
38164,0.40732689271525463
38165,0.5977649177336924
38166,0.7093944054904192
38167,0.27557191268470715
38168,0.5383370263984959
38169,0.45064731156318255
38170,0.42496222994344074
38171,0.21374746870344033
38172,0.6740504092437597
38173,0.8220967752593654
38174,0.7602799778923492
38175,0.5875323587119712
38176,0.3673490913186933
38177,0.27805062613810877
38178,0.6327597005806892
38179,0.6458409439639919
38180,0.7866420517395795
38181,0.5121788896022478
38182,0.3171243716608205
38183,0.6964830211259684
38184,0.45536150867629505
38185,0.35174036443271767
38186,0.6705459549454437
38187,0.266894410284643
38188,0.5163321175319789
38189,0.7498229569715961
38190,0.5223908441476163
38191,0.3989420172624813
38192,0.65102548010767
38193,0.43496551205463413
38194,0.39430387307941145
38195,0.35194137462397496
38196,0.3860390682770501
38197,0.6008237941676013
38198,0.7159045982737398
38199,0.5744869483573197
38200,0.583395620351757
38201,0.5367928067422779
38202,0.3248459012668513
38203,0.2669333618153911
38204,0.8506935211374881
38205,0.3735661835377776
38206,0.55814083696689
38207,0.60168626934252
38208,0.3493782014405296
38209,0.38886161119533474
38210,0.48089288755570997
38211,0.389722409659891
38212,0.7325784424212654
38213,0.41858077280193995
38214,0.4841674808766086
38215,0.39570123534476326
38216,0.83529636406342
38217,0.566845696864867
38218,0.4317075144474158
38219,0.5585459541971635
38220,0.415932653562472
38221,0.6872614050067
38222,0.5153740629209709
38223,0.4565043383379668
38224,0.27488608201676784
38225,0.5091983912543471
38226,0.5302940882546946
38227,0.5360951360610565
38228,0.6252417990388242
38229,0.3201851742799771
38230,0.3141851500105615
38231,0.6771506753786739
38232,0.5552966160472291
38233,0.5437696443640085
38234,0.904185394347816
38235,0.5375186891418753
38236,0.8211608714978977
38237,0.8374408905901942
38238,0.9081957566792161
38239,0.7171929307762148
38240,0.5528159088911274
38241,0.8772658060296794
38242,0.6973774648418983
38243,0.8412640589354662
38244,0.47646190549686895
38245,0.9380250103770457
38246,0.5048248530693568
38247,0.522093551241279
38248,0.43797059079822803
38249,0.5426487735061045
38250,0.6155619937436072
38251,0.5181738275203477
38252,0.895916722509344
38253,0.7550353911597435
38254,0.7603067065049628
38255,0.7582519971635552
38256,0.6138969891680901
38257,0.6861409137207676
38258,0.8845889875668779
38259,0.7708971176196853
38260,0.5686103849204578
38261,0.46604435597831595
38262,0.5661409135914804
38263,0.5139126690404081
38264,0.6497635621431606
38265,0.8643871825018203
38266,0.8506892740345522
38267,0.39918622316747077
38268,0.9058409275530485
38269,0.7165138177466336
38270,0.5637711307313554
38271,0.8649485781588766
38272,0.7428198346379913
38273,0.38751755008557276
38274,0.857404190278847
38275,0.4948903314695908
38276,0.9019302206458837
38277,0.637973913373603
38278,0.7196829578321504
38279,0.4117558109248121
38280,0.6329479440633774
38281,0.8135490907590716
38282,0.7357911277903585
38283,0.7876539962698159
38284,0.7023815682046047
38285,0.5241970445270925
38286,0.5581984323836324
38287,0.43395738172740395
38288,0.5438930384309473
38289,0.6137720301405581
38290,0.611854616708991
38291,0.5716626107863593
38292,0.4480753643659246
38293,0.4045007936683452
38294,0.5867547199875861
38295,0.4481892462270497
38296,0.6493856161302406
38297,0.6533282940515467
38298,0.34476623321560074
38299,0.45225970389046444
38300,0.6364023580593461
38301,0.3326132911076289
38302,0.26389289511127867
38303,0.4725672048673402
38304,0.25315355865448635
38305,0.8827669448417315
38306,0.44283964659740727
38307,0.6201231920306883
38308,0.48196807891037735
38309,0.47250002498885796
38310,0.34001174716028143
38311,0.7633679452281363
38312,0.36768526900770604
38313,0.6282830661318319
38314,0.48576755386255144
38315,0.49595930015170986
38316,0.21409938754801314
38317,0.9193155677330397
38318,0.32319109103784566
38319,0.6249291485427462
38320,0.367300318231576
38321,0.6026011399149143
38322,0.6503077713604243
38323,0.3352335114177519
38324,0.8302268742791806
38325,0.2798681468685585
38326,0.5576582602508597
38327,0.32745246854863264
38328,0.7711605341201759
38329,0.725752065410293
38330,0.3087612523823637
38331,0.4136107211042932
38332,0.6927135070927322
38333,0.7412242878422619
38334,0.24384193620060746
38335,0.343470661336032
38336,0.3378613783589147
38337,0.4737402036560012
38338,0.28932968015114385
38339,0.6718404549161703
38340,0.307493733095251
38341,0.7758009006963164
38342,0.4124903774666159
38343,0.6775897084752969
38344,0.4779740520810704
38345,0.5207696458792296
38346,0.3625398983734857
38347,0.7148667830376626
38348,0.25251100286494815
38349,0.3873550925872294
38350,0.36817305344073875
38351,0.4446978559123833
38352,0.4708935109652953
38353,0.6967229339459865
38354,0.2804229623244038
38355,0.5570416599703792
38356,0.43167343195850955
38357,0.3393837798133248
38358,0.49216761378707574
38359,0.5893741180384894
38360,0.27753085780371356
38361,0.4741002413310694
38362,0.3849594443910745
38363,0.29362536833756736
38364,0.7289046726706541
38365,0.3327965621644551
38366,0.71788379767728
38367,0.6555361513323537
38368,0.41500630994521415
38369,0.5136378493449628
38370,0.27914362502089857
38371,0.2513422002196784
38372,0.2693943332229682
38373,0.7654908891531566
38374,0.4385063715051288
38375,0.5556781149793292
38376,0.32870333825098347
38377,0.6988138877231399
38378,0.3832280542160707
38379,0.7523106762666367
38380,0.33554454061209665
38381,0.6736785271554421
38382,0.48174701859179336
38383,0.4700139856245138
38384,0.6164748899458691
38385,0.30040871565494587
38386,0.20422610782785042
38387,0.257216987814753
38388,0.4230523888801578
38389,0.15228695919481897
38390,0.2333268876447523
38391,0.22937007881600682
38392,0.5388720127444698
38393,0.5462558474160465
38394,0.34494340482558555
38395,0.7536749009168885
38396,0.6652778696848336
38397,0.4510723698676098
38398,0.5449397284236313
38399,0.7111621382996469
38400,0.34332983202417194
38401,0.6838105561048066
38402,0.6406461919004189
38403,0.2184296419905018
38404,0.5037739092756076
38405,0.39705898778516774
38406,0.32728550387951516
38407,0.37510314844921966
38408,0.6994727889772177
38409,0.7715776173725993
38410,0.24233160903782058
38411,0.3360885887327609
38412,0.23072259964832587
38413,0.8712982406613186
38414,0.4035223693491689
38415,0.4727843264054874
38416,0.31462543742278437
38417,0.35599817802309
38418,0.5807444070969288
38419,0.509385185200968
38420,0.39643806016353816
38421,0.2932573020291951
38422,0.7085258110661129
38423,0.29390166386263783
38424,0.24154927311171753
38425,0.38458786459650096
38426,0.23430360713194184
38427,0.24095943266323192
38428,0.6542874494559002
38429,0.29812710816478627
38430,0.2330162324456161
38431,0.6230240736704592
38432,0.40189053220579457
38433,0.3043420788096467
38434,0.3681498120643335
38435,0.25533611528934774
38436,0.5701724849576647
38437,0.6178221292325194
38438,0.28661703256537285
38439,0.4152228280899892
38440,0.3669101057156352
38441,0.7984975502914522
38442,0.44311175051024904
38443,0.6481794869460229
38444,0.3944787483810616
38445,0.3845649756761696
38446,0.27799049109241514
38447,0.30747848827165003
38448,0.43500866357613655
38449,0.31053356717612923
38450,0.24155402779796545
38451,0.5915637610643024
38452,0.36749398516549686
38453,0.6264395534704037
38454,0.5533253079183889
38455,0.5417802813852177
38456,0.6319649528755171
38457,0.342684111648152
38458,0.5426156818302429
38459,0.765692942163146
38460,0.5850172253945602
38461,0.5518085636592887
38462,0.7191735712683603
38463,0.1862915609213312
38464,0.5919606313084376
38465,0.5375954083209435
38466,0.7701551274518944
38467,0.7764280845473148
38468,0.753829774228839
38469,0.6214126725081139
38470,0.32605119045246067
38471,0.3882427732542417
38472,0.5117318437564267
38473,0.512933833485988
38474,0.310472602182413
38475,0.20987430961922224
38476,0.28102799074002444
38477,0.47418318193360437
38478,0.4426727207485563
38479,0.4983972126194833
38480,0.5980196521720013
38481,0.47797262127562
38482,0.24735617345402058
38483,0.27365803120666576
38484,0.36797314999616026
38485,0.30057939660525157
38486,0.32835202982787326
38487,0.20065331404841877
38488,0.6914221622479725
38489,0.4664282499720589
38490,0.3014731934553634
38491,0.47528442698801704
38492,0.5821321781946236
38493,0.6017913248079391
38494,0.6629204117783724
38495,0.5390594831766437
38496,0.5738934796024867
38497,0.6990013265335774
38498,0.55634885734801
38499,0.5003942043447014
38500,0.5480108352580232
38501,0.24885698077048135
38502,0.6448797515877356
38503,0.5752239959975848
38504,0.3241072600339116
38505,0.32504948703922465
38506,0.28411050963419815
38507,0.31354750824668115
38508,0.5217186403564703
38509,0.2661969119039589
38510,0.47199787925099834
38511,0.3727152585085609
38512,0.6886607341104644
38513,0.33702233800143855
38514,0.26810289289127465
38515,0.23549438111408222
38516,0.5607729212269824
38517,0.5001047655775418
38518,0.5287922216145924
38519,0.7280140040594724
38520,0.3750812652653573
38521,0.6093193409752771
38522,0.24383019068826206
38523,0.6990068436318062
38524,0.22976427036979558
38525,0.534274037345364
38526,0.3453467358777289
38527,0.30260231764012946
38528,0.2091301436951163
38529,0.18244899125528427
38530,0.6151583680061653
38531,0.5344017950074165
38532,0.6501675834225069
38533,0.25740844927370776
38534,0.6293017433945353
38535,0.5392880792804351
38536,0.3016692348213173
38537,0.30025554150958206
38538,0.3460108792940247
38539,0.3141323436341109
38540,0.4575910578519171
38541,0.34913423934189713
38542,0.4848643391959039
38543,0.5379385587790013
38544,0.7016525520598071
38545,0.6709003825583728
38546,0.3498923729633963
38547,0.24793845179354213
38548,0.3482014480729646
38549,0.533611557300762
38550,0.6024600724235998
38551,0.4632977513979059
38552,0.6412511308270472
38553,0.223284028976282
38554,0.374220252204989
38555,0.47840563475900955
38556,0.4120926794863658
38557,0.6371060649006993
38558,0.42887723448235976
38559,0.538300957653706
38560,0.48696617702820133
38561,0.27733239264680304
38562,0.4868616053443304
38563,0.5515078243118536
38564,0.5134141607293059
38565,0.2433639454437246
38566,0.48362206146275266
38567,0.23462553924364865
38568,0.5331253694130673
38569,0.48544328346727633
38570,0.22472029352310305
38571,0.2786001905443408
38572,0.3300576265723105
38573,0.5816400127215661
38574,0.17891290244223038
38575,0.7707423403276722
38576,0.3320616523785805
38577,0.30479538220730823
38578,0.5860386064972161
38579,0.7943462005495001
38580,0.6404191959139652
38581,0.4350988831788195
38582,0.3029118287863484
38583,0.4226146694903432
38584,0.37304952585094725
38585,0.20485313312378994
38586,0.2018880405897678
38587,0.3114325187091025
38588,0.4862923415171955
38589,0.17946702752567553
38590,0.3571530285446362
38591,0.43654846060942176
38592,0.6553339261542868
38593,0.37076274814753857
38594,0.28190020205186533
38595,0.32810816380283986
38596,0.27642271002894714
38597,0.2812416793615279
38598,0.6816007537672159
38599,0.6974837285997917
38600,0.2770830037951617
38601,0.834220595593706
38602,0.6434431349003532
38603,0.506371485856351
38604,0.6679862883109272
38605,0.3094769915868825
38606,0.5497105734271843
38607,0.395270132829049
38608,0.4797448203314653
38609,0.5370099083320795
38610,0.5374299093628684
38611,0.6010212406376834
38612,0.7246060020335094
38613,0.2650339055027685
38614,0.3174669147841124
38615,0.23228013207816411
38616,0.50750428354085
38617,0.7098274879131569
38618,0.3851058554526747
38619,0.3628685610661703
38620,0.5158316380607345
38621,0.26887299679090126
38622,0.3312885628042357
38623,0.5576691234396294
38624,0.4505236820466112
38625,0.6437318418358554
38626,0.351795691395518
38627,0.6179807785167213
38628,0.606182817998594
38629,0.1951789838836658
38630,0.5581538158568369
38631,0.3746330110492708
38632,0.4803105738331891
38633,0.47690851333683
38634,0.3308887891877964
38635,0.35163275411376405
38636,0.3666907607961091
38637,0.5755728649502863
38638,0.5645655084162228
38639,0.6323719589059137
38640,0.4630867080118792
38641,0.5405771227089348
38642,0.5188240085107
38643,0.4528578421188641
38644,0.22776838411407727
38645,0.20579427821088037
38646,0.6790204174498333
38647,0.27418922216628827
38648,0.27203618954949377
38649,0.35864541056669025
38650,0.37270955520155685
38651,0.6679348850007253
38652,0.23056407416968253
38653,0.453850425193293
38654,0.42015128639428917
38655,0.34801941595465535
38656,0.5928830800746075
38657,0.5484796229588446
38658,0.555200956847586
38659,0.38798694104215065
38660,0.6286792300426485
38661,0.66725024067983
38662,0.34759639972678896
38663,0.37987842263274685
38664,0.5651109162500594
38665,0.6920954770237768
38666,0.5654126797307187
38667,0.48127274320961155
38668,0.6131436751957219
38669,0.739734470480797
38670,0.5377978021647581
38671,0.8383434759243326
38672,0.6967051258661777
38673,0.6452779754264548
38674,0.46964093534001566
38675,0.6031894110444904
38676,0.3624888818967829
38677,0.33824475496685363
38678,0.3062939155090545
38679,0.2330670423961646
38680,0.39883861647783564
38681,0.7373433701499498
38682,0.41900853622852563
38683,0.5239802283394571
38684,0.5031625830876463
38685,0.5490744899784141
38686,0.3242118484759737
38687,0.45583524727842445
38688,0.7313002230974183
38689,0.30875634748774666
38690,0.6188511340695045
38691,0.44759253008180544
38692,0.5971744097155273
38693,0.36981967217139533
38694,0.579385958957555
38695,0.7904409414326199
38696,0.4278058173812425
38697,0.7804744758126545
38698,0.3786908366714602
38699,0.4808941849235783
38700,0.31442795739000595
38701,0.45775233236138974
38702,0.4166616886208897
38703,0.5628711276923936
38704,0.7602720740118188
38705,0.41138086736176327
38706,0.24782615067371866
38707,0.5404640405815679
38708,0.541408506620062
38709,0.39187482227771275
38710,0.79456436233978
38711,0.7620856980687322
38712,0.7850119356979268
38713,0.4988921512768548
38714,0.8343074334678513
38715,0.5949459740742001
38716,0.8767421493033106
38717,0.5131497968925745
38718,0.8953317351664957
38719,0.8644108347503154
38720,0.7956237052459247
38721,0.917901088131558
38722,0.8618576044385361
38723,0.415631787115042
38724,0.44335205061533556
38725,0.7028420368514028
38726,0.42377499311407474
38727,0.8099857693907137
38728,0.6569843541419389
38729,0.562883851112891
38730,0.49059990401520953
38731,0.5706892670409934
38732,0.7510280213539817
38733,0.936465108371312
38734,0.5693903604994448
38735,0.6341778619886634
38736,0.5964737315533888
38737,0.8781706818592018
38738,0.4781878504624461
38739,0.7819784197096358
38740,0.8374596193127737
38741,0.8878080487113055
38742,0.8002402004013536
38743,0.3979211244478021
38744,0.4314475793360537
38745,0.8796436498187594
38746,0.5175169750323768
38747,0.43070700688969626
38748,0.8090934511331601
38749,0.8424056361303901
38750,0.39996569118333763
38751,0.44060223482352845
38752,0.6469358129491669
38753,0.8053209885151059
38754,0.8420469010887309
38755,0.8260964911500219
38756,0.8180725327906119
38757,0.7614619553464488
38758,0.8489451949939723
38759,0.749728329928866
38760,0.7918441500801766
38761,0.4985145387979793
38762,0.4290517977135335
38763,0.5204290224417805
38764,0.6317918341195862
38765,0.7673044579937661
38766,0.40602296680429134
38767,0.38200414050782894
38768,0.5529990376312
38769,0.4159097442556445
38770,0.5307019914447841
38771,0.289233561392809
38772,0.3797198197448507
38773,0.30728623600421673
38774,0.4605301654186047
38775,0.8136640445611053
38776,0.47892121330372805
38777,0.5950819662674522
38778,0.36837372982659566
38779,0.7378339255783715
38780,0.3360132841782593
38781,0.6567107194825426
38782,0.7047628917361382
38783,0.5628096083527263
38784,0.47993975533586447
38785,0.29975866970652254
38786,0.6112590262399262
38787,0.4192073628586101
38788,0.7385804414878044
38789,0.24904554269508095
38790,0.4408811912003123
38791,0.3230828044415266
38792,0.7403611204222715
38793,0.30431012499207916
38794,0.7432956916891663
38795,0.5615015437323501
38796,0.6558839725255206
38797,0.6478808538846922
38798,0.6399901551688673
38799,0.48635158915374177
38800,0.6717645153031762
38801,0.743457484372742
38802,0.4091310083472534
38803,0.5088045108414523
38804,0.3536350135493075
38805,0.33619948702686014
38806,0.5129312377586013
38807,0.4805906174197747
38808,0.5998545666270931
38809,0.318717831758466
38810,0.4573852001995479
38811,0.6073008364286917
38812,0.28551358475990724
38813,0.2169613185651351
38814,0.5627647220635447
38815,0.3595229677419776
38816,0.7724901721033606
38817,0.6588958732631638
38818,0.7329138212718808
38819,0.49376904560996576
38820,0.7570946709288945
38821,0.32891886437956913
38822,0.6575693165549313
38823,0.45772661363783285
38824,0.46890482737929395
38825,0.42207280259043173
38826,0.4055795616797817
38827,0.4222516566536173
38828,0.4328532304805503
38829,0.6751548771110484
38830,0.6144460353348041
38831,0.34610180616481406
38832,0.6990262831079926
38833,0.32240830633513884
38834,0.5734287504280172
38835,0.6555420308581072
38836,0.34310125488056475
38837,0.4942925557546885
38838,0.43176227432425845
38839,0.7177084709746993
38840,0.20991209981332304
38841,0.37756324546999165
38842,0.5478402103574737
38843,0.32376537551709916
38844,0.499935366163793
38845,0.24427907318210648
38846,0.47910629717727704
38847,0.6195665416948083
38848,0.49671440362621505
38849,0.7128636737188333
38850,0.4601111940500728
38851,0.7309624085139209
38852,0.26797041828704243
38853,0.2945347184788661
38854,0.3168287708190459
38855,0.32945686570002053
38856,0.20875520444310838
38857,0.5025867778875982
38858,0.644755634250348
38859,0.4310339302014816
38860,0.3400349653638497
38861,0.7461626574273911
38862,0.6677068656105873
38863,0.6204484659981319
38864,0.674796336031557
38865,0.6275810502696398
38866,0.41948349468978624
38867,0.3365407253426355
38868,0.3524273780575535
38869,0.49131533016857915
38870,0.3246209572270316
38871,0.32054707072911415
38872,0.3568700555881755
38873,0.5284291755301997
38874,0.7492181042934579
38875,0.2651427402652608
38876,0.41521859515663717
38877,0.24175421502498337
38878,0.2703898736126021
38879,0.6767417218871207
38880,0.2958795375987608
38881,0.1750987248306905
38882,0.6274950938704748
38883,0.3324459239987395
38884,0.23053391229289838
38885,0.6082960833504267
38886,0.19564802957909994
38887,0.5719967089462691
38888,0.27668169895686656
38889,0.31405620120635735
38890,0.4443676182302254
38891,0.6539364056654505
38892,0.5628578236207347
38893,0.35198500184967846
38894,0.7453623845783749
38895,0.3650093645384761
38896,0.7172599678411423
38897,0.37206877907641756
38898,0.5107100400950607
38899,0.15831796193142397
38900,0.6221928294445458
38901,0.319870755671723
38902,0.43263616294666046
38903,0.665417049689255
38904,0.61295770762423
38905,0.5249431340714341
38906,0.35005721943382767
38907,0.18025188295237576
38908,0.18054009608802415
38909,0.24322298276451354
38910,0.2899363759092215
38911,0.3802485222596355
38912,0.34136789275305424
38913,0.6195960903883485
38914,0.5393422348009888
38915,0.6376515925001036
38916,0.2716683729526545
38917,0.3040275308255856
38918,0.27152185988255434
38919,0.48568985708083323
38920,0.45909194027563616
38921,0.5692994976924143
38922,0.30184078000357956
38923,0.8235187233178666
38924,0.28986030747115665
38925,0.5525541561170023
38926,0.27315554859545965
38927,0.6657276019210997
38928,0.4808406378387191
38929,0.2724551754914921
38930,0.40505422635056626
38931,0.21513307492411338
38932,0.5486808148607875
38933,0.458098195591711
38934,0.5600074093343608
38935,0.5060322177829445
38936,0.5407177471795759
38937,0.6316058537125351
38938,0.5650515806529742
38939,0.6895729787469175
38940,0.20160088969024645
38941,0.6002709018088523
38942,0.24066150429867006
38943,0.5837260770040534
38944,0.19183455335310434
38945,0.16419370937143174
38946,0.22983190660111277
38947,0.3474641340835906
38948,0.21020831701338666
38949,0.16217079586025965
38950,0.3140164701562829
38951,0.48704791962625915
38952,0.5470835963646731
38953,0.33878958270441684
38954,0.3366222023904926
38955,0.3673024719124751
38956,0.69369475745766
38957,0.6608981147669841
38958,0.42292585010579564
38959,0.2515793546931854
38960,0.36866922578668854
38961,0.5298799887296552
38962,0.568645861657221
38963,0.6010939902051605
38964,0.642466526453763
38965,0.7476541296431383
38966,0.30762832084273345
38967,0.5757370964180735
38968,0.6384365444169726
38969,0.7035599347966947
38970,0.27206278160288183
38971,0.558388924984258
38972,0.5458470031193405
38973,0.7336661905337429
38974,0.49590341527682696
38975,0.20071802737124594
38976,0.5286894571612951
38977,0.6770098835711337
38978,0.28505779285475474
38979,0.44741117432778904
38980,0.3946740658382285
38981,0.2904616885954775
38982,0.5561911504536857
38983,0.3452353365802484
38984,0.34939133242110176
38985,0.40230370626484974
38986,0.4532839993555825
38987,0.21699433766838105
38988,0.45453485799498583
38989,0.2608309328135897
38990,0.28783706800667663
38991,0.40104111222383815
38992,0.19953859967633342
38993,0.49314110772419756
38994,0.31084517984614957
38995,0.5711263251751572
38996,0.2807691147185535
38997,0.6572881864824464
38998,0.5961494142852306
38999,0.24304295240375884
39000,0.7542855448297074
39001,0.5336303914483639
39002,0.6106850526532246
39003,0.2694826589247666
39004,0.3508591920612141
39005,0.6036379780507631
39006,0.5805400958473144
39007,0.6923819064911112
39008,0.8353078746746804
39009,0.2935877322700531
39010,0.39988908268887474
39011,0.35702062017516956
39012,0.4438376765444979
39013,0.17530554396242412
39014,0.293159723155951
39015,0.3523172428821308
39016,0.43854531362900967
39017,0.7017558201950913
39018,0.38625655171719153
39019,0.3656048109425478
39020,0.20861639497538204
39021,0.7534178791773775
39022,0.3334948637772302
39023,0.28859399100677696
39024,0.23078291238030285
39025,0.44376420133383776
39026,0.4265226854284503
39027,0.6121805898019752
39028,0.2609704979514297
39029,0.3085813073792826
39030,0.638645798226086
39031,0.35726782658702017
39032,0.3369529903915893
39033,0.4667153553708005
39034,0.3553753001894408
39035,0.5475825527180503
39036,0.17202511228864967
39037,0.512326178125042
39038,0.7462438370131819
39039,0.33912962489567927
39040,0.7397231315961875
39041,0.6829628133712294
39042,0.21752639364664994
39043,0.5224232802569864
39044,0.6547511323494796
39045,0.17644110316562972
39046,0.6715360462368273
39047,0.2983511423619703
39048,0.32944636618424306
39049,0.27860762362694635
39050,0.354827001940117
39051,0.24153680664084262
39052,0.45466335646122163
39053,0.2840511207991684
39054,0.1901365050911111
39055,0.42328186614172436
39056,0.5638916013187641
39057,0.3135596446496606
39058,0.4069939695200366
39059,0.2637688316528385
39060,0.41616272572322655
39061,0.44603761703258943
39062,0.3492433748795486
39063,0.667040475416793
39064,0.26791970110516755
39065,0.5559096414244238
39066,0.6058208638980045
39067,0.710542419137995
39068,0.250280285417252
39069,0.3352693641169865
39070,0.28405650339265115
39071,0.40131604373483776
39072,0.40186422185882786
39073,0.6761612261927846
39074,0.7189114207221383
39075,0.28899638759494245
39076,0.34101753374212995
39077,0.8390692827669639
39078,0.2232209188524323
39079,0.3650205507700997
39080,0.23542933614716222
39081,0.49349517086768957
39082,0.2837814431181472
39083,0.2998615967833574
39084,0.5347728693095553
39085,0.3259393867963013
39086,0.7864361112401916
39087,0.3186534784667591
39088,0.5457875380484469
39089,0.7680991181499376
39090,0.5073648592009928
39091,0.6254713488442604
39092,0.5972824261943955
39093,0.3520886491781471
39094,0.43108466771486226
39095,0.8551724888629956
39096,0.6954398865957507
39097,0.6298565106041966
39098,0.6058564656263028
39099,0.3680939732261464
39100,0.8262106198734082
39101,0.697122321682605
39102,0.36716276322673613
39103,0.4005277642263274
39104,0.341562163202407
39105,0.6720858284550479
39106,0.4587491935664858
39107,0.75894716827992
39108,0.6794900693156927
39109,0.5721553535605775
39110,0.5318627999203548
39111,0.48123046320394414
39112,0.4568760120328816
39113,0.6864279094971518
39114,0.5964224008417708
39115,0.7939049893941291
39116,0.3353905632390655
39117,0.4006437152893737
39118,0.36359429996763115
39119,0.23435582956821935
39120,0.833013218945147
39121,0.6269542103083642
39122,0.21112710694328568
39123,0.4739040139968668
39124,0.38837913551113057
39125,0.7761958287473444
39126,0.692821302596036
39127,0.7463808516806282
39128,0.35556613626312134
39129,0.36204260141727385
39130,0.5739058968439795
39131,0.31633081174427546
39132,0.36897907473934694
39133,0.742273936670544
39134,0.2796233742117837
39135,0.6128634181665049
39136,0.5244567258176557
39137,0.35255297799788815
39138,0.30433825054911656
39139,0.6773398557188561
39140,0.37988503520381633
39141,0.3149952154659614
39142,0.39343170164492103
39143,0.33070043389946396
39144,0.40023960875118253
39145,0.8135110412136699
39146,0.4748882115737415
39147,0.7886779585018494
39148,0.4205755194265292
39149,0.4129747812234576
39150,0.30661462115144617
39151,0.5325377881393064
39152,0.5105508002813569
39153,0.8327228462613492
39154,0.41126178800533314
39155,0.8600681487938286
39156,0.7176265724546933
39157,0.6391263535514476
39158,0.8417344723560809
39159,0.838824883631207
39160,0.7288083160662949
39161,0.8438001348118364
39162,0.902296984730231
39163,0.8021333724271602
39164,0.7125668013601463
39165,0.537897951923246
39166,0.700725251519924
39167,0.6967995523006827
39168,0.5218884435852281
39169,0.6524766857449941
39170,0.4713425148931434
39171,0.6559394974794889
39172,0.857015422406036
39173,0.4383466721369399
39174,0.6098250754829335
39175,0.5824147687607181
39176,0.6060704101570914
39177,0.886684093142112
39178,0.5793036555175337
39179,0.6325114499924956
39180,0.8517531162284816
39181,0.5573878346105359
39182,0.37848887656668534
39183,0.36801442590143585
39184,0.6887462605827919
39185,0.46783401867679036
39186,0.5046684707512586
39187,0.7938835656279589
39188,0.6096455082624234
39189,0.6048362476251197
39190,0.6516550494437807
39191,0.4039932766279199
39192,0.7924883227373378
39193,0.5034363181915311
39194,0.8053485409698881
39195,0.44016623479845035
39196,0.5348248072885227
39197,0.452121547424215
39198,0.4522006122493537
39199,0.570148809753312
39200,0.44552961799607627
39201,0.6486660962903429
39202,0.4212838202773932
39203,0.5659258702859249
39204,0.6787209250848094
39205,0.4712355956830306
39206,0.8706772557464635
39207,0.33526967346929104
39208,0.5547155078146393
39209,0.515178853437991
39210,0.2636722111770923
39211,0.5772343156572779
39212,0.7725523181348881
39213,0.32378443181256616
39214,0.425085633926629
39215,0.5211310797124408
39216,0.2714100748596394
39217,0.23770464961978813
39218,0.6231279128079301
39219,0.42358312859247454
39220,0.4063087855518383
39221,0.5433505939151769
39222,0.2201442974322533
39223,0.368332152907003
39224,0.5051568342832803
39225,0.25738234823360984
39226,0.3509663367173133
39227,0.6375321924438891
39228,0.7205309731049698
39229,0.4408462381715319
39230,0.6947728522794073
39231,0.678896474064196
39232,0.4710631062394011
39233,0.5108285436925287
39234,0.28014111238064493
39235,0.5058653934211195
39236,0.8348802339139241
39237,0.4141700868057668
39238,0.7432567028230277
39239,0.7066834126760464
39240,0.49294805251168045
39241,0.6840153904479213
39242,0.35160296124061247
39243,0.3178970199088969
39244,0.30581651295273493
39245,0.27742986469395947
39246,0.5129452074648709
39247,0.2999305168450356
39248,0.6542919587801238
39249,0.4870558206488138
39250,0.3252555058049797
39251,0.5404893774170408
39252,0.33266903513341417
39253,0.30482396755372
39254,0.2659418894692731
39255,0.31012585607576726
39256,0.2613668296521909
39257,0.2712940790526622
39258,0.5756113639668677
39259,0.3378319556052118
39260,0.28946347123943156
39261,0.45189409003594944
39262,0.3020861531266853
39263,0.3169543400046821
39264,0.7279583957485785
39265,0.6694400887237294
39266,0.7770088751090636
39267,0.1878691198101431
39268,0.49352203453466276
39269,0.48246341375234036
39270,0.6913280820952034
39271,0.4982271446334371
39272,0.5501516477486317
39273,0.31956808164270983
39274,0.4592230944246634
39275,0.3368248313817533
39276,0.259324881579532
39277,0.3344101757914626
39278,0.2826868819054047
39279,0.6231135530767666
39280,0.503497759366457
39281,0.5447162594783824
39282,0.20431516402746533
39283,0.7558403740015442
39284,0.5741485499485215
39285,0.4441531248341719
39286,0.40856984304867233
39287,0.5931489802877592
39288,0.4936292394018801
39289,0.2778588647165589
39290,0.38650595646063596
39291,0.2898463995606029
39292,0.5869571190625107
39293,0.29972327528942594
39294,0.6826447760576165
39295,0.2538699933313621
39296,0.48578268803068636
39297,0.422756989851874
39298,0.2186798911307544
39299,0.627919487080722
39300,0.2650217079766222
39301,0.39434756913104324
39302,0.4674188621300606
39303,0.1971543481586391
39304,0.2641831929079755
39305,0.3355737881524696
39306,0.44782100186513024
39307,0.4305445439640581
39308,0.5275777920536084
39309,0.5869332481448943
39310,0.35703605970562297
39311,0.6603040544327305
39312,0.669474577413561
39313,0.1868443161478386
39314,0.28081183086681083
39315,0.27714898296450247
39316,0.6548536162197145
39317,0.7287670343358108
39318,0.7281400773885606
39319,0.21199528190335465
39320,0.58998014661297
39321,0.2721135186228347
39322,0.7579711796400554
39323,0.2949899850255535
39324,0.4666915299583508
39325,0.26360448457961533
39326,0.601734507766391
39327,0.492765784159207
39328,0.2845747473622132
39329,0.5986860860042941
39330,0.17614673626404748
39331,0.39456271799772097
39332,0.32623817545356515
39333,0.4199294874023288
39334,0.49263279022966344
39335,0.6655000014476212
39336,0.3756714873302456
39337,0.230895012049785
39338,0.8919576885704935
39339,0.2305273730148071
39340,0.6269571214251091
39341,0.4704272475736729
39342,0.5925482285975118
39343,0.2561380783045959
39344,0.5721891405537751
39345,0.32840251015030963
39346,0.2535256421577805
39347,0.6409633431759548
39348,0.7025760498222401
39349,0.448020511553496
39350,0.33967295954359045
39351,0.36758877791142125
39352,0.3297681443017852
39353,0.3960356010618945
39354,0.6238130321929866
39355,0.19395671713798726
39356,0.33825971669373894
39357,0.6479744054778369
39358,0.4355872263514321
39359,0.2876542261113903
39360,0.23523000405663075
39361,0.19829757009311327
39362,0.6422617482752685
39363,0.7046667450198247
39364,0.2967092491209871
39365,0.4212585846622297
39366,0.5298196553158632
39367,0.7210170660065353
39368,0.553339963643455
39369,0.31846581275672736
39370,0.688137586030857
39371,0.3297040476792137
39372,0.5545496007909764
39373,0.5081052985657405
39374,0.7436947919000255
39375,0.5957542412207807
39376,0.39633024738088596
39377,0.2996086046739541
39378,0.5889262892600914
39379,0.29712839719189404
39380,0.28218383888212883
39381,0.37052094279942704
39382,0.7186707437542008
39383,0.2787998053977621
39384,0.26398630621425767
39385,0.37064989475530125
39386,0.2981464563576148
39387,0.28830125303715276
39388,0.5566142653003948
39389,0.6121073524434971
39390,0.6098955250448979
39391,0.4718017999151271
39392,0.422528787444042
39393,0.6481565334486882
39394,0.6740586380354869
39395,0.6681260238606819
39396,0.5877810640906103
39397,0.34761081507405184
39398,0.31243355078430296
39399,0.41133447309402055
39400,0.5615399155642748
39401,0.3957588137140173
39402,0.5300356028809785
39403,0.4995800879238213
39404,0.5397907357874022
39405,0.4235179114962855
39406,0.4228969690916305
39407,0.3264601470485442
39408,0.5518956555746367
39409,0.4338044892466864
39410,0.37282186036124026
39411,0.40674256637000356
39412,0.492883417927564
39413,0.7687717931959063
39414,0.6283393286956694
39415,0.7281185609186288
39416,0.6147240106486971
39417,0.2693699631767414
39418,0.6937962231149315
39419,0.4570921229530518
39420,0.2597670045224039
39421,0.32795982911161325
39422,0.48213935456498247
39423,0.524197554039919
39424,0.7001693063018398
39425,0.3305607103608434
39426,0.6764635658667894
39427,0.31014674267022185
39428,0.6041713165263392
39429,0.5503332523666113
39430,0.41135036420208304
39431,0.6387013316595341
39432,0.5248744936150729
39433,0.8100146733347882
39434,0.6622406781735786
39435,0.33635932806740476
39436,0.36200977853800675
39437,0.6601893785095594
39438,0.5516310660401261
39439,0.33785800996624765
39440,0.41072213707095434
39441,0.20992346432170128
39442,0.2699532491101814
39443,0.3540276659757002
39444,0.4098092368750212
39445,0.7180638109426475
39446,0.6656728284073579
39447,0.45554991403287526
39448,0.6522359029149185
39449,0.5673259007933947
39450,0.5875782783916038
39451,0.2687875700838328
39452,0.7183825421389679
39453,0.40516916278366033
39454,0.36382222886126075
39455,0.24093733396899736
39456,0.3026967634270275
39457,0.43991239223418493
39458,0.28860048304263486
39459,0.2741579332572383
39460,0.44392631735882454
39461,0.3933995019105783
39462,0.3760760830884365
39463,0.361411914294244
39464,0.8098759492441809
39465,0.4483239648802568
39466,0.44749651200507534
39467,0.25339411999136924
39468,0.3102885842927483
39469,0.2496349492456032
39470,0.8062743457533651
39471,0.6188363261618524
39472,0.6379676927555535
39473,0.8442199875004045
39474,0.8133636314908014
39475,0.41723617640101934
39476,0.8976483876406772
39477,0.8988176976639514
39478,0.5722358977913578
39479,0.6075178071547662
39480,0.791063575470311
39481,0.4931117254477846
39482,0.660271464637701
39483,0.8108103967486764
39484,0.43746664973251054
39485,0.4903977533801936
39486,0.5501022193666328
39487,0.8257250271657548
39488,0.6224358721769493
39489,0.9105658639968957
39490,0.5466601210842591
39491,0.9072001318103124
39492,0.5080168806171738
39493,0.8782189659395172
39494,0.731799950756867
39495,0.7511063559034938
39496,0.7944102150749359
39497,0.43837798115072707
39498,0.5446119454541959
39499,0.5894186040977257
39500,0.8986964631356263
39501,0.4407012996014013
39502,0.7569531337338905
39503,0.883324774642209
39504,0.6074606800404968
39505,0.44571788986378885
39506,0.74095161405141
39507,0.7355284734715897
39508,0.5621257577637905
39509,0.3591203030551466
39510,0.4459343315626018
39511,0.5129419919718957
39512,0.7922430107688845
39513,0.7767985163483038
39514,0.8245681366303917
39515,0.5913403103721044
39516,0.5678029254018478
39517,0.38080084164418243
39518,0.4320617684309359
39519,0.5035428577775158
39520,0.5989500889128118
39521,0.40230096072032023
39522,0.43629352982418923
39523,0.3919813624535208
39524,0.3996000806852891
39525,0.7397258985609961
39526,0.4099659503870241
39527,0.6504848330765476
39528,0.3274731794278349
39529,0.4560588615135511
39530,0.34791257866581293
39531,0.37769217542121325
39532,0.5359865594685373
39533,0.32475138462539316
39534,0.21763206979598176
39535,0.5290748063604143
39536,0.384147074503021
39537,0.5293420719739743
39538,0.7577022405803372
39539,0.24873535249648063
39540,0.19852539681135556
39541,0.819066116020993
39542,0.5972615891560672
39543,0.1960341951941385
39544,0.49501001786395804
39545,0.505647138000912
39546,0.5737593078980053
39547,0.2785855955797754
39548,0.5702126212522308
39549,0.3578244684403254
39550,0.3604515410081242
39551,0.36403452928621255
39552,0.3828432196126197
39553,0.36837807527214916
39554,0.3807314395811679
39555,0.414915318251624
39556,0.3687022698785607
39557,0.4483221538644193
39558,0.581281222372498
39559,0.23084732772676564
39560,0.578256003230688
39561,0.7053987408905465
39562,0.47018291199377077
39563,0.22626982610123397
39564,0.3393743366716847
39565,0.32247864876700705
39566,0.24409708291026294
39567,0.2650670013966575
39568,0.2878054400813764
39569,0.7902858071537489
39570,0.43638227030989
39571,0.4011580065771767
39572,0.6169310646342601
39573,0.2797149693500795
39574,0.48660645697666693
39575,0.723658506785434
39576,0.39807819062005684
39577,0.3611439811550395
39578,0.39622836366374836
39579,0.2596979386690701
39580,0.32801356649187935
39581,0.317992526195427
39582,0.3622699934635008
39583,0.223946983872773
39584,0.641833833022559
39585,0.5025920343143098
39586,0.3343510905741057
39587,0.26905482047328305
39588,0.6772457214263179
39589,0.2802717298472251
39590,0.6930405621875063
39591,0.2772225005041896
39592,0.26084258559703
39593,0.3647918659797046
39594,0.2257562813589658
39595,0.2174096531177388
39596,0.6085346115808444
39597,0.6223928484748958
39598,0.5783231529754803
39599,0.5090956184168304
39600,0.4570234851945667
39601,0.7605331802201513
39602,0.23011705217256903
39603,0.4424738306288019
39604,0.6487328506588703
39605,0.30132168184064345
39606,0.46191223726297315
39607,0.6323118709645598
39608,0.45309367295083763
39609,0.23375795258567877
39610,0.602220289509134
39611,0.2747144480782087
39612,0.3533645368200672
39613,0.39685595620356817
39614,0.39650340623381236
39615,0.48196019883414615
39616,0.4784142415312409
39617,0.37192454541461795
39618,0.3012843961801135
39619,0.36186450901993616
39620,0.23802322474384277
39621,0.4564657339866582
39622,0.27042065686083655
39623,0.4928960985322855
39624,0.5426941330687743
39625,0.5585949665667683
39626,0.5154279647493809
39627,0.26780762613151043
39628,0.22086654775824882
39629,0.4226333307153136
39630,0.31150291347633696
39631,0.2532058605773844
39632,0.3164812413857304
39633,0.2624277255523104
39634,0.6545042613216291
39635,0.6109796546034715
39636,0.753514510103969
39637,0.27845611096876405
39638,0.40802325499876074
39639,0.5875083782818991
39640,0.6769419367196402
39641,0.6072057021458691
39642,0.2166954832808567
39643,0.2639590117719057
